date,reading
Thu Apr 11 20:40:02 2019,24.5
Thu Apr 11 20:41:08 2019,24.5
Thu Apr 11 20:42:14 2019,24.437
Thu Apr 11 20:43:20 2019,24.437
Thu Apr 11 20:44:27 2019,24.437
Thu Apr 11 20:45:37 2019,24.437
Thu Apr 11 20:46:45 2019,24.375
Thu Apr 11 20:47:50 2019,24.375
Thu Apr 11 20:48:58 2019,24.312
Thu Apr 11 20:50:04 2019,24.312
Thu Apr 11 20:51:09 2019,24.312
Thu Apr 11 20:52:14 2019,24.25
Thu Apr 11 20:53:19 2019,24.25
Thu Apr 11 20:54:25 2019,24.25
Thu Apr 11 20:55:35 2019,24.25
Thu Apr 11 20:56:49 2019,24.187
Thu Apr 11 20:57:59 2019,24.187
Thu Apr 11 20:59:15 2019,24.187
Thu Apr 11 21:00:36 2019,24.187
Thu Apr 11 21:01:55 2019,24.125
Fri Apr 12 12:34:40 2019,25.812
Fri Apr 12 13:15:43 2019,26.562
Fri Apr 12 13:22:09 2019,26.687
Fri Apr 12 13:22:18 2019,26.687
Fri Apr 12 13:29:10 2019,26.75
Fri Apr 12 13:30:12 2019,26.75
Fri Apr 12 13:31:44 2019,26.75
Fri Apr 12 14:42:50 2019,25.875
Fri Apr 12 14:42:54 2019,25.875
Fri Apr 12 14:45:28 2019,25.875
Fri Apr 12 14:45:32 2019,25.875
Fri Apr 12 14:45:35 2019,25.875
Fri Apr 12 14:45:39 2019,25.875
Fri Apr 12 14:46:12 2019,25.875
Fri Apr 12 14:46:17 2019,25.875
Fri Apr 12 14:48:27 2019,25.812
Fri Apr 12 14:50:16 2019,25.812
Fri Apr 12 14:50:58 2019,25.812
Fri Apr 12 14:52:05 2019,25.75
Fri Apr 12 14:52:09 2019,25.75
Fri Apr 12 14:52:13 2019,25.812
Fri Apr 12 14:52:17 2019,25.75
Fri Apr 12 14:53:52 2019,25.75
Fri Apr 12 14:53:56 2019,25.75
Fri Apr 12 14:54:00 2019,25.75
Fri Apr 12 14:54:04 2019,25.75
Fri Apr 12 14:55:42 2019,25.75
Fri Apr 12 14:55:46 2019,25.75
Fri Apr 12 14:55:50 2019,25.75
Fri Apr 12 14:55:54 2019,25.75
Fri Apr 12 14:55:58 2019,25.75
Fri Apr 12 14:56:03 2019,25.75
Fri Apr 12 14:56:07 2019,25.75
Fri Apr 12 14:56:11 2019,25.75
Fri Apr 12 14:56:15 2019,25.75
Fri Apr 12 14:56:19 2019,25.75
Fri Apr 12 14:56:23 2019,25.75
Fri Apr 12 14:56:27 2019,25.75
Fri Apr 12 14:57:53 2019,25.687
Fri Apr 12 14:58:15 2019,25.687
Fri Apr 12 14:58:41 2019,25.687
Fri Apr 12 14:58:45 2019,25.687
Fri Apr 12 14:58:49 2019,25.687
Fri Apr 12 14:58:53 2019,25.687
Fri Apr 12 14:58:58 2019,25.687
Fri Apr 12 15:00:02 2019,25.687
Fri Apr 12 15:00:06 2019,25.687
Fri Apr 12 15:00:11 2019,25.687
Fri Apr 12 15:00:15 2019,25.687
Fri Apr 12 15:00:19 2019,25.687
Fri Apr 12 15:00:24 2019,25.687
Fri Apr 12 15:00:28 2019,25.687
Fri Apr 12 15:00:33 2019,25.687
Fri Apr 12 15:00:37 2019,25.687
Fri Apr 12 15:00:41 2019,25.687
Fri Apr 12 15:00:46 2019,25.687
Fri Apr 12 15:00:50 2019,25.687
Fri Apr 12 15:09:10 2019,25.5
Fri Apr 12 15:10:13 2019,25.562
Fri Apr 12 15:11:15 2019,25.5
Fri Apr 12 15:12:17 2019,25.5
Fri Apr 12 15:13:20 2019,25.5
Fri Apr 12 15:14:22 2019,25.5
Fri Apr 12 15:15:25 2019,25.5
Fri Apr 12 15:16:27 2019,25.5
Fri Apr 12 15:17:30 2019,25.5
Fri Apr 12 15:18:32 2019,25.5
Fri Apr 12 15:19:35 2019,25.5
Fri Apr 12 15:20:37 2019,25.5
Fri Apr 12 15:21:40 2019,25.5
Fri Apr 12 15:22:42 2019,25.5
Fri Apr 12 15:23:45 2019,25.5
Fri Apr 12 15:24:48 2019,25.5
Fri Apr 12 15:25:50 2019,25.437
Fri Apr 12 15:26:53 2019,25.437
Fri Apr 12 15:27:55 2019,25.437
Fri Apr 12 15:28:58 2019,25.437
Fri Apr 12 15:30:00 2019,25.437
Fri Apr 12 15:31:03 2019,25.437
Fri Apr 12 15:32:06 2019,25.437
Fri Apr 12 15:33:13 2019,25.437
Fri Apr 12 15:34:19 2019,25.437
Fri Apr 12 15:35:22 2019,25.375
Fri Apr 12 15:36:26 2019,25.562
Fri Apr 12 15:37:35 2019,25.562
Fri Apr 12 15:38:43 2019,25.562
Fri Apr 12 15:39:49 2019,25.562
Fri Apr 12 15:40:56 2019,25.562
Fri Apr 12 15:42:03 2019,25.562
Fri Apr 12 15:43:09 2019,25.562
Fri Apr 12 15:44:13 2019,25.5
Fri Apr 12 15:45:16 2019,25.5
Fri Apr 12 15:46:18 2019,25.5
Fri Apr 12 15:47:21 2019,25.5
Fri Apr 12 15:48:25 2019,25.5
Fri Apr 12 15:49:29 2019,25.437
Fri Apr 12 15:50:36 2019,23.062
Fri Apr 12 15:51:43 2019,24.312
Sat Apr 13 13:50:15 2019,27.375
Sat Apr 13 13:51:18 2019,27.375
Sat Apr 13 13:52:20 2019,27.375
Sat Apr 13 13:53:23 2019,27.375
Sat Apr 13 13:54:25 2019,27.375
Sat Apr 13 13:55:28 2019,27.375
Sat Apr 13 13:57:09 2019,27.437
Sat Apr 13 13:58:12 2019,27.375
Sat Apr 13 13:59:14 2019,27.375
Sat Apr 13 14:00:16 2019,27.437
Sat Apr 13 14:01:19 2019,27.437
Sat Apr 13 14:02:21 2019,27.437
Sat Apr 13 14:03:24 2019,27.437
Sat Apr 13 14:04:26 2019,27.437
Sat Apr 13 14:05:29 2019,27.437
Sat Apr 13 14:06:31 2019,27.437
Sat Apr 13 14:07:34 2019,27.437
Sat Apr 13 14:08:36 2019,27.437
Sat Apr 13 14:09:39 2019,27.437
Sat Apr 13 14:10:41 2019,27.437
Sat Apr 13 14:11:44 2019,27.437
Sat Apr 13 14:12:46 2019,27.437
Sat Apr 13 14:13:48 2019,27.437
Sat Apr 13 14:14:51 2019,27.437
Sat Apr 13 14:15:53 2019,27.437
Sat Apr 13 14:16:56 2019,27.5
Sat Apr 13 14:17:58 2019,27.5
Sat Apr 13 14:19:02 2019,27.5
Sat Apr 13 16:33:54 2019,24.937
Sat Apr 13 16:34:57 2019,24.937
Sat Apr 13 16:35:59 2019,24.875
Sat Apr 13 16:37:02 2019,24.937
Sat Apr 13 16:38:04 2019,24.937
Sat Apr 13 16:39:07 2019,24.937
Sat Apr 13 16:40:09 2019,24.937
Mon Apr 15 09:23:08 2019,26.812
Mon Apr 15 11:55:53 2019,26.125
Mon Apr 15 13:03:12 2019,25.562
Mon Apr 15 13:04:15 2019,25.562
Mon Apr 15 13:05:18 2019,25.562
Mon Apr 15 13:06:22 2019,25.562
Mon Apr 15 13:07:25 2019,25.562
Mon Apr 15 13:08:29 2019,25.562
Mon Apr 15 13:09:32 2019,25.562
Mon Apr 15 13:10:36 2019,25.562
Mon Apr 15 13:11:39 2019,25.562
Mon Apr 15 13:12:43 2019,25.5
Mon Apr 15 13:13:46 2019,25.5
Mon Apr 15 13:14:49 2019,25.5
Mon Apr 15 13:15:53 2019,25.5
Mon Apr 15 13:16:56 2019,25.5
Mon Apr 15 13:18:00 2019,25.5
Mon Apr 15 13:19:03 2019,25.5
Mon Apr 15 13:20:07 2019,25.5
Mon Apr 15 13:21:10 2019,25.437
Mon Apr 15 13:22:14 2019,25.5
Mon Apr 15 13:23:17 2019,25.437
Mon Apr 15 13:24:20 2019,25.437
Mon Apr 15 13:25:24 2019,25.437
Mon Apr 15 13:26:27 2019,25.437
Mon Apr 15 13:27:31 2019,25.437
Mon Apr 15 13:28:34 2019,25.437
Mon Apr 15 13:29:38 2019,25.437
Mon Apr 15 13:30:41 2019,25.437
Mon Apr 15 13:31:45 2019,25.437
Mon Apr 15 13:32:48 2019,25.437
Mon Apr 15 13:33:51 2019,25.437
Mon Apr 15 13:34:55 2019,25.375
Mon Apr 15 13:35:58 2019,25.375
Mon Apr 15 13:37:02 2019,25.375
Mon Apr 15 13:38:05 2019,25.375
Mon Apr 15 13:39:09 2019,25.375
Mon Apr 15 13:40:12 2019,25.375
Mon Apr 15 13:41:16 2019,25.375
Mon Apr 15 13:42:19 2019,25.375
Mon Apr 15 13:43:22 2019,25.375
Mon Apr 15 13:44:26 2019,25.375
Mon Apr 15 13:45:29 2019,25.375
Mon Apr 15 13:46:33 2019,25.375
Mon Apr 15 13:47:37 2019,25.375
Mon Apr 15 13:48:40 2019,25.312
Mon Apr 15 13:49:44 2019,25.312
Mon Apr 15 13:50:47 2019,25.312
Mon Apr 15 13:51:50 2019,25.312
Mon Apr 15 13:52:54 2019,25.312
Mon Apr 15 13:53:57 2019,25.312
Mon Apr 15 13:55:01 2019,25.312
Mon Apr 15 13:56:04 2019,25.312
Mon Apr 15 13:57:08 2019,25.25
Mon Apr 15 13:58:11 2019,25.25
Mon Apr 15 13:59:14 2019,25.25
Mon Apr 15 14:00:18 2019,25.25
Mon Apr 15 14:01:21 2019,25.25
Mon Apr 15 14:02:25 2019,25.25
Mon Apr 15 14:03:28 2019,25.25
Mon Apr 15 14:04:32 2019,25.25
Mon Apr 15 14:05:35 2019,25.187
Mon Apr 15 14:06:39 2019,25.187
Mon Apr 15 14:07:42 2019,25.187
Mon Apr 15 14:08:45 2019,25.187
Mon Apr 15 14:09:49 2019,25.187
Mon Apr 15 14:10:52 2019,25.187
Mon Apr 15 14:11:56 2019,25.187
Mon Apr 15 14:12:59 2019,25.187
Mon Apr 15 14:14:03 2019,25.187
Mon Apr 15 14:15:06 2019,25.125
Mon Apr 15 14:16:10 2019,25.125
Mon Apr 15 14:17:13 2019,25.125
Mon Apr 15 14:18:17 2019,25.125
Mon Apr 15 14:19:20 2019,25.125
Mon Apr 15 14:20:23 2019,25.125
Mon Apr 15 14:21:27 2019,25.125
Mon Apr 15 14:22:30 2019,25.125
Mon Apr 15 14:23:34 2019,25.125
Mon Apr 15 14:24:37 2019,25.125
Mon Apr 15 14:25:41 2019,25.125
Mon Apr 15 14:26:44 2019,25.125
Mon Apr 15 14:27:47 2019,25.062
Mon Apr 15 14:28:51 2019,25.062
Mon Apr 15 14:29:54 2019,25.062
Mon Apr 15 14:30:58 2019,25.062
Mon Apr 15 14:32:01 2019,25.062
Mon Apr 15 14:33:05 2019,25.062
Mon Apr 15 14:34:08 2019,25.062
Mon Apr 15 14:35:13 2019,25.062
Mon Apr 15 14:36:16 2019,25.062
Mon Apr 15 14:37:20 2019,25.062
Mon Apr 15 14:38:23 2019,25.0
Mon Apr 15 14:39:27 2019,25.0
Mon Apr 15 14:40:30 2019,25.0
Mon Apr 15 14:41:34 2019,25.0
Mon Apr 15 14:42:37 2019,25.0
Mon Apr 15 14:43:41 2019,25.0
Mon Apr 15 14:44:44 2019,25.0
Mon Apr 15 14:45:47 2019,25.0
Mon Apr 15 14:46:51 2019,25.0
Mon Apr 15 14:47:54 2019,25.0
Mon Apr 15 18:16:02 2019,24.375
Mon Apr 15 18:17:06 2019,24.375
Mon Apr 15 18:18:09 2019,24.312
Mon Apr 15 18:19:12 2019,24.375
Mon Apr 15 18:20:16 2019,24.375
Mon Apr 15 18:21:19 2019,24.375
Mon Apr 15 18:22:23 2019,24.375
Mon Apr 15 18:23:27 2019,24.375
Mon Apr 15 18:24:31 2019,24.375
Mon Apr 15 18:25:34 2019,24.375
Mon Apr 15 18:26:38 2019,24.375
Mon Apr 15 18:27:41 2019,24.375
Mon Apr 15 18:28:44 2019,24.375
Mon Apr 15 18:29:48 2019,24.375
Mon Apr 15 18:30:51 2019,24.375
Mon Apr 15 18:31:55 2019,24.375
Mon Apr 15 18:32:58 2019,24.375
Mon Apr 15 18:34:02 2019,24.437
Mon Apr 15 18:35:05 2019,24.437
Mon Apr 15 18:36:09 2019,24.437
Mon Apr 15 18:37:12 2019,24.437
Mon Apr 15 18:38:16 2019,24.5
Mon Apr 15 18:39:19 2019,24.5
Mon Apr 15 18:40:22 2019,24.562
Mon Apr 15 18:41:26 2019,24.562
Mon Apr 15 18:42:29 2019,24.562
Mon Apr 15 18:43:33 2019,24.562
Mon Apr 15 18:44:36 2019,24.625
Mon Apr 15 18:45:40 2019,24.625
Mon Apr 15 18:46:43 2019,24.687
Mon Apr 15 18:47:47 2019,24.687
Mon Apr 15 18:48:50 2019,24.687
Mon Apr 15 18:49:54 2019,24.75
Mon Apr 15 18:50:57 2019,24.75
Mon Apr 15 18:52:00 2019,24.75
Mon Apr 15 18:53:04 2019,24.812
Mon Apr 15 18:54:07 2019,24.812
Mon Apr 15 18:55:11 2019,24.875
Mon Apr 15 18:56:14 2019,24.875
Mon Apr 15 18:57:18 2019,24.875
Mon Apr 15 18:58:21 2019,24.937
Mon Apr 15 18:59:24 2019,24.937
Mon Apr 15 19:00:28 2019,24.937
Mon Apr 15 19:01:31 2019,25.0
Mon Apr 15 19:02:35 2019,25.0
Mon Apr 15 19:03:38 2019,25.062
Mon Apr 15 19:04:42 2019,25.062
Mon Apr 15 19:05:45 2019,25.062
Mon Apr 15 19:06:49 2019,25.062
Mon Apr 15 19:07:52 2019,25.125
Mon Apr 15 19:08:55 2019,25.125
Mon Apr 15 19:09:59 2019,25.187
Mon Apr 15 19:11:02 2019,25.187
Mon Apr 15 19:12:06 2019,25.187
Mon Apr 15 19:13:09 2019,25.25
Mon Apr 15 19:14:13 2019,25.25
Mon Apr 15 19:15:16 2019,25.25
Mon Apr 15 19:16:20 2019,25.25
Mon Apr 15 19:17:23 2019,25.312
Mon Apr 15 19:18:26 2019,25.312
Mon Apr 15 19:19:30 2019,25.312
Mon Apr 15 19:20:33 2019,25.375
Mon Apr 15 19:21:37 2019,25.375
Mon Apr 15 19:22:40 2019,25.375
Mon Apr 15 19:23:44 2019,25.437
Mon Apr 15 19:24:47 2019,25.437
Mon Apr 15 19:25:51 2019,25.437
Mon Apr 15 19:26:54 2019,25.5
Mon Apr 15 19:27:58 2019,25.5
Mon Apr 15 19:29:01 2019,25.5
Mon Apr 15 19:30:04 2019,25.5
Mon Apr 15 19:31:08 2019,25.562
Mon Apr 15 19:32:11 2019,25.562
Mon Apr 15 19:33:15 2019,25.562
Mon Apr 15 19:34:18 2019,25.562
Mon Apr 15 19:35:22 2019,25.625
Mon Apr 15 19:36:25 2019,25.625
Mon Apr 15 19:37:29 2019,25.625
Mon Apr 15 19:38:32 2019,25.625
Tue Apr 16 11:28:38 2019,25.687
Tue Apr 16 11:29:41 2019,25.687
Tue Apr 16 11:30:45 2019,25.625
Tue Apr 16 11:31:48 2019,25.625
Tue Apr 16 11:32:52 2019,25.625
Tue Apr 16 11:33:55 2019,25.625
Tue Apr 16 11:34:59 2019,25.625
Tue Apr 16 11:36:02 2019,25.625
Tue Apr 16 11:37:06 2019,25.625
Tue Apr 16 11:38:09 2019,25.625
Tue Apr 16 11:39:13 2019,25.562
Tue Apr 16 11:40:16 2019,25.562
Tue Apr 16 11:41:20 2019,25.562
Tue Apr 16 11:42:24 2019,25.562
Tue Apr 16 11:43:27 2019,25.625
Tue Apr 16 11:44:31 2019,25.625
Tue Apr 16 11:45:35 2019,25.625
Tue Apr 16 11:46:38 2019,25.625
Tue Apr 16 11:47:42 2019,25.625
Tue Apr 16 11:48:45 2019,25.625
Tue Apr 16 11:49:50 2019,25.625
Tue Apr 16 11:51:04 2019,25.625
Tue Apr 16 11:55:04 2019,25.625
Tue Apr 16 11:56:14 2019,25.625
Tue Apr 16 11:57:17 2019,25.625
Tue Apr 16 11:58:21 2019,25.625
Tue Apr 16 11:59:24 2019,25.625
Tue Apr 16 12:00:28 2019,25.625
Tue Apr 16 12:01:31 2019,25.625
Tue Apr 16 12:02:35 2019,25.562
Tue Apr 16 12:03:38 2019,25.562
Tue Apr 16 12:04:42 2019,25.562
Tue Apr 16 12:05:45 2019,25.562
Tue Apr 16 12:06:49 2019,25.562
Tue Apr 16 12:07:52 2019,25.562
Tue Apr 16 12:08:56 2019,25.562
Tue Apr 16 12:09:59 2019,25.562
Tue Apr 16 12:11:03 2019,25.562
Tue Apr 16 12:12:06 2019,25.562
Tue Apr 16 12:13:10 2019,25.562
Tue Apr 16 12:14:13 2019,25.562
Tue Apr 16 12:15:17 2019,25.562
Tue Apr 16 12:16:20 2019,25.5
Tue Apr 16 12:17:24 2019,25.5
Tue Apr 16 12:18:27 2019,25.5
Tue Apr 16 12:19:31 2019,25.5
Tue Apr 16 12:20:34 2019,25.5
Tue Apr 16 12:21:38 2019,25.5
Tue Apr 16 12:22:42 2019,25.5
Tue Apr 16 12:23:48 2019,25.5
Tue Apr 16 12:24:53 2019,25.437
Tue Apr 16 12:26:02 2019,25.437
Tue Apr 16 12:27:08 2019,25.437
Tue Apr 16 12:28:16 2019,25.437
Tue Apr 16 12:29:29 2019,25.437
Tue Apr 16 12:30:33 2019,25.437
Tue Apr 16 12:31:36 2019,25.437
Tue Apr 16 12:32:40 2019,25.375
Tue Apr 16 12:33:43 2019,25.375
Tue Apr 16 12:34:47 2019,25.375
Tue Apr 16 12:35:50 2019,25.375
Tue Apr 16 12:36:53 2019,25.375
Tue Apr 16 12:37:57 2019,25.375
Tue Apr 16 12:39:00 2019,25.375
Tue Apr 16 12:40:04 2019,25.312
Tue Apr 16 12:41:07 2019,25.312
Tue Apr 16 12:42:11 2019,25.312
Tue Apr 16 12:43:14 2019,25.312
Tue Apr 16 12:44:18 2019,25.312
Tue Apr 16 12:45:21 2019,25.312
Tue Apr 16 12:46:24 2019,25.312
Tue Apr 16 12:47:28 2019,25.312
Tue Apr 16 12:48:31 2019,25.312
Tue Apr 16 12:49:35 2019,25.25
Tue Apr 16 12:50:38 2019,25.25
Tue Apr 16 12:51:42 2019,25.25
Tue Apr 16 12:52:45 2019,25.25
Tue Apr 16 12:53:49 2019,25.25
Tue Apr 16 12:54:52 2019,25.25
Tue Apr 16 12:55:55 2019,25.187
Tue Apr 16 12:56:59 2019,25.187
Tue Apr 16 12:58:02 2019,25.187
Tue Apr 16 12:59:06 2019,25.187
Tue Apr 16 13:00:09 2019,25.187
Tue Apr 16 13:01:13 2019,25.187
Tue Apr 16 13:02:17 2019,25.187
Tue Apr 16 13:03:21 2019,25.125
Tue Apr 16 13:04:25 2019,25.125
Tue Apr 16 13:05:28 2019,25.125
Tue Apr 16 13:06:32 2019,25.125
Tue Apr 16 13:07:35 2019,25.125
Tue Apr 16 13:08:39 2019,25.062
Tue Apr 16 13:09:42 2019,25.062
Tue Apr 16 13:10:45 2019,25.062
Tue Apr 16 13:11:49 2019,25.062
Tue Apr 16 13:12:52 2019,25.0
Tue Apr 16 13:13:56 2019,25.0
Tue Apr 16 13:14:59 2019,25.0
Tue Apr 16 13:16:03 2019,25.0
Tue Apr 16 13:17:06 2019,25.0
Tue Apr 16 13:18:10 2019,25.0
Tue Apr 16 13:19:13 2019,25.0
Tue Apr 16 13:20:16 2019,25.0
Tue Apr 16 13:21:20 2019,24.937
Tue Apr 16 13:22:23 2019,24.937
Tue Apr 16 13:23:27 2019,24.937
Tue Apr 16 13:24:30 2019,24.937
Tue Apr 16 13:25:34 2019,24.937
Tue Apr 16 13:26:37 2019,24.937
Tue Apr 16 13:27:41 2019,24.937
Tue Apr 16 13:28:45 2019,24.875
Tue Apr 16 13:29:54 2019,24.875
Tue Apr 16 13:31:07 2019,24.875
Tue Apr 16 13:32:11 2019,24.875
Tue Apr 16 13:33:17 2019,24.875
Tue Apr 16 13:34:20 2019,24.875
Tue Apr 16 13:35:24 2019,24.875
Tue Apr 16 13:36:28 2019,24.812
Tue Apr 16 13:37:31 2019,24.812
Tue Apr 16 13:38:34 2019,24.812
Tue Apr 16 13:39:38 2019,24.812
Tue Apr 16 13:40:41 2019,24.812
Tue Apr 16 13:41:45 2019,24.812
Tue Apr 16 13:42:48 2019,24.75
Tue Apr 16 13:43:52 2019,24.75
Tue Apr 16 13:44:55 2019,24.75
Tue Apr 16 13:45:59 2019,24.75
Tue Apr 16 13:47:02 2019,24.75
Tue Apr 16 13:48:06 2019,24.75
Tue Apr 16 13:49:09 2019,24.75
Tue Apr 16 13:50:12 2019,24.75
Tue Apr 16 13:51:16 2019,24.687
Tue Apr 16 13:52:19 2019,24.687
Tue Apr 16 13:53:23 2019,24.687
Tue Apr 16 13:54:26 2019,24.687
Tue Apr 16 13:55:30 2019,24.687
Tue Apr 16 13:56:33 2019,24.687
Tue Apr 16 13:57:37 2019,24.687
Tue Apr 16 13:58:40 2019,24.625
Tue Apr 16 13:59:43 2019,24.625
Tue Apr 16 14:00:48 2019,24.625
Tue Apr 16 14:01:51 2019,24.625
Tue Apr 16 14:02:55 2019,24.625
Tue Apr 16 14:03:58 2019,24.625
Tue Apr 16 14:05:01 2019,24.625
Tue Apr 16 14:06:05 2019,24.625
Tue Apr 16 14:07:08 2019,24.625
Tue Apr 16 14:08:12 2019,24.625
Tue Apr 16 14:09:15 2019,24.562
Tue Apr 16 14:10:19 2019,24.562
Tue Apr 16 14:11:22 2019,24.562
Tue Apr 16 14:12:26 2019,24.562
Tue Apr 16 14:13:29 2019,24.562
Tue Apr 16 14:14:32 2019,24.562
Tue Apr 16 14:15:36 2019,24.562
Tue Apr 16 14:16:39 2019,24.562
Tue Apr 16 14:17:43 2019,24.562
Tue Apr 16 14:18:46 2019,24.562
Tue Apr 16 14:19:50 2019,24.5
Tue Apr 16 14:20:53 2019,24.5
Tue Apr 16 14:21:57 2019,24.5
Tue Apr 16 14:23:00 2019,24.5
Tue Apr 16 14:24:04 2019,24.5
Tue Apr 16 14:25:07 2019,24.5
Tue Apr 16 14:26:11 2019,24.5
Tue Apr 16 14:27:14 2019,24.5
Tue Apr 16 14:28:18 2019,24.5
Tue Apr 16 14:29:21 2019,24.5
Tue Apr 16 14:30:25 2019,24.437
Tue Apr 16 14:31:28 2019,24.437
Tue Apr 16 14:32:32 2019,24.437
Tue Apr 16 14:33:35 2019,24.437
Tue Apr 16 14:34:39 2019,24.437
Tue Apr 16 14:35:42 2019,24.437
Tue Apr 16 14:36:46 2019,24.437
Tue Apr 16 14:37:49 2019,24.437
Tue Apr 16 14:38:52 2019,24.437
Tue Apr 16 14:39:56 2019,24.437
Tue Apr 16 14:40:59 2019,24.437
Tue Apr 16 14:42:03 2019,24.375
Tue Apr 16 14:43:06 2019,24.375
Tue Apr 16 14:44:10 2019,24.375
Tue Apr 16 14:45:13 2019,24.375
Tue Apr 16 14:46:17 2019,24.375
Tue Apr 16 14:47:20 2019,24.375
Tue Apr 16 14:48:23 2019,24.375
Tue Apr 16 14:49:27 2019,24.375
Tue Apr 16 14:50:30 2019,24.375
Tue Apr 16 14:51:34 2019,24.375
Tue Apr 16 14:52:37 2019,24.375
Tue Apr 16 14:53:41 2019,24.375
Tue Apr 16 14:54:44 2019,24.375
Tue Apr 16 14:55:47 2019,24.312
Tue Apr 16 14:56:52 2019,24.312
Tue Apr 16 14:57:55 2019,24.312
Tue Apr 16 14:58:58 2019,24.312
Tue Apr 16 15:00:02 2019,24.312
Tue Apr 16 15:01:05 2019,24.312
Tue Apr 16 15:02:09 2019,24.312
Tue Apr 16 15:03:12 2019,24.312
Tue Apr 16 15:04:16 2019,24.312
Tue Apr 16 15:05:19 2019,24.312
Tue Apr 16 15:06:23 2019,24.312
Tue Apr 16 15:07:26 2019,24.25
Tue Apr 16 15:08:29 2019,24.25
Tue Apr 16 15:09:33 2019,24.25
Tue Apr 16 15:10:36 2019,24.25
Tue Apr 16 15:11:40 2019,24.25
Tue Apr 16 15:12:43 2019,24.25
Tue Apr 16 15:13:47 2019,24.25
Tue Apr 16 15:14:50 2019,24.25
Tue Apr 16 15:15:54 2019,24.25
Tue Apr 16 15:16:57 2019,24.25
Tue Apr 16 15:18:01 2019,24.25
Tue Apr 16 15:19:04 2019,24.25
Tue Apr 16 15:20:07 2019,24.25
Tue Apr 16 15:21:11 2019,24.25
Tue Apr 16 15:22:14 2019,24.187
Tue Apr 16 15:23:18 2019,24.25
Tue Apr 16 15:24:21 2019,24.25
Tue Apr 16 15:25:25 2019,24.25
Tue Apr 16 15:26:28 2019,24.187
Tue Apr 16 15:27:32 2019,24.187
Tue Apr 16 15:28:35 2019,24.187
Tue Apr 16 15:29:38 2019,24.187
Tue Apr 16 15:30:42 2019,24.187
Tue Apr 16 15:31:45 2019,24.187
Tue Apr 16 15:32:49 2019,24.187
Tue Apr 16 15:33:52 2019,24.187
Tue Apr 16 15:34:56 2019,24.187
Tue Apr 16 15:35:59 2019,24.187
Tue Apr 16 15:37:03 2019,24.187
Tue Apr 16 15:38:06 2019,24.187
Tue Apr 16 15:39:09 2019,24.187
Tue Apr 16 15:40:13 2019,24.187
Tue Apr 16 15:41:16 2019,24.187
Tue Apr 16 15:42:20 2019,24.187
Tue Apr 16 15:43:23 2019,24.187
Tue Apr 16 15:44:27 2019,24.187
Tue Apr 16 15:45:30 2019,24.187
Tue Apr 16 15:46:34 2019,24.187
Tue Apr 16 15:47:37 2019,24.187
Tue Apr 16 15:48:40 2019,24.125
Tue Apr 16 15:49:44 2019,24.187
Tue Apr 16 15:50:47 2019,24.125
Tue Apr 16 15:51:51 2019,24.187
Tue Apr 16 15:52:54 2019,24.125
Tue Apr 16 15:53:58 2019,24.125
Tue Apr 16 15:55:01 2019,24.125
Tue Apr 16 15:56:05 2019,24.125
Tue Apr 16 15:57:08 2019,24.125
Tue Apr 16 15:58:11 2019,24.125
Tue Apr 16 15:59:15 2019,24.125
Tue Apr 16 16:00:19 2019,24.125
Tue Apr 16 16:01:23 2019,24.125
Tue Apr 16 16:02:26 2019,24.125
Tue Apr 16 16:03:30 2019,24.125
Tue Apr 16 16:04:33 2019,24.125
Tue Apr 16 16:05:36 2019,24.125
Tue Apr 16 16:06:40 2019,24.125
Tue Apr 16 16:07:43 2019,24.125
Tue Apr 16 16:08:47 2019,24.125
Tue Apr 16 16:09:50 2019,24.125
Tue Apr 16 16:10:54 2019,24.125
Tue Apr 16 16:11:57 2019,24.125
Tue Apr 16 16:13:01 2019,24.125
Tue Apr 16 16:14:04 2019,24.062
Tue Apr 16 16:15:08 2019,24.125
Tue Apr 16 16:16:11 2019,24.125
Tue Apr 16 16:17:15 2019,24.125
Tue Apr 16 16:18:18 2019,24.125
Tue Apr 16 16:19:22 2019,24.062
Tue Apr 16 16:20:25 2019,24.062
Tue Apr 16 16:21:29 2019,24.125
Tue Apr 16 16:22:32 2019,24.062
Tue Apr 16 16:23:36 2019,24.062
Tue Apr 16 16:24:39 2019,24.062
Tue Apr 16 16:25:43 2019,24.062
Tue Apr 16 16:26:46 2019,24.062
Tue Apr 16 16:27:50 2019,24.062
Tue Apr 16 16:28:55 2019,24.062
Tue Apr 16 16:29:59 2019,24.062
Tue Apr 16 16:31:06 2019,24.062
Tue Apr 16 16:32:17 2019,24.062
Tue Apr 16 16:33:36 2019,24.062
Tue Apr 16 16:34:59 2019,24.062
Tue Apr 16 16:36:14 2019,24.062
Tue Apr 16 16:37:31 2019,24.062
Tue Apr 16 16:38:46 2019,24.062
Tue Apr 16 16:39:53 2019,24.062
Tue Apr 16 16:41:01 2019,24.062
Tue Apr 16 16:42:09 2019,24.062
Tue Apr 16 16:43:15 2019,24.062
Tue Apr 16 16:44:22 2019,24.062
Tue Apr 16 16:45:31 2019,24.062
Tue Apr 16 16:47:01 2019,24.0
Tue Apr 16 16:48:25 2019,24.062
Tue Apr 16 16:49:51 2019,24.062
Tue Apr 16 16:51:14 2019,24.062
Tue Apr 16 16:52:34 2019,24.062
Tue Apr 16 16:53:57 2019,24.062
Tue Apr 16 16:55:18 2019,24.062
Tue Apr 16 16:56:41 2019,24.062
Tue Apr 16 16:58:04 2019,24.062
Tue Apr 16 17:12:18 2019,24.0
Tue Apr 16 17:13:21 2019,24.0
Tue Apr 16 17:14:25 2019,24.0
Tue Apr 16 17:15:29 2019,24.0
Tue Apr 16 17:16:33 2019,24.0
Tue Apr 16 17:17:37 2019,24.0
Tue Apr 16 17:18:41 2019,24.0
Tue Apr 16 17:19:47 2019,24.0
Tue Apr 16 17:20:55 2019,24.0
Tue Apr 16 17:22:01 2019,24.0
Tue Apr 16 17:23:05 2019,24.0
Tue Apr 16 17:24:10 2019,24.0
Tue Apr 16 17:25:19 2019,24.0
Tue Apr 16 17:26:26 2019,24.0
Tue Apr 16 17:27:34 2019,24.0
Tue Apr 16 17:28:45 2019,24.0
Tue Apr 16 17:29:54 2019,24.0
Tue Apr 16 17:31:11 2019,24.0
Tue Apr 16 17:32:27 2019,24.0
Tue Apr 16 17:33:50 2019,23.937
Tue Apr 16 17:35:08 2019,23.937
Tue Apr 16 17:36:22 2019,24.0
Tue Apr 16 17:37:34 2019,23.937
Tue Apr 16 17:38:40 2019,24.0
Tue Apr 16 17:39:47 2019,23.937
Tue Apr 16 17:40:56 2019,23.937
Tue Apr 16 17:42:05 2019,23.937
Tue Apr 16 17:43:14 2019,23.937
Tue Apr 16 17:44:22 2019,23.937
Tue Apr 16 17:45:31 2019,23.937
Wed Apr 17 10:33:04 2019,27.937
Wed Apr 17 10:33:13 2019,27.937
Wed Apr 17 10:34:16 2019,27.937
Wed Apr 17 10:35:19 2019,27.937
Wed Apr 17 10:36:23 2019,27.937
Wed Apr 17 10:37:26 2019,28.0
Wed Apr 17 10:38:30 2019,27.937
Wed Apr 17 10:39:34 2019,27.937
Wed Apr 17 10:40:37 2019,27.937
Wed Apr 17 10:41:41 2019,27.937
Wed Apr 17 10:42:44 2019,27.937
Wed Apr 17 10:43:47 2019,27.875
Wed Apr 17 10:44:51 2019,27.875
Wed Apr 17 10:45:54 2019,27.875
Wed Apr 17 10:46:58 2019,27.875
Wed Apr 17 10:48:01 2019,27.875
Wed Apr 17 10:49:05 2019,27.812
Wed Apr 17 10:50:08 2019,27.812
Wed Apr 17 10:51:11 2019,27.812
Wed Apr 17 10:52:15 2019,27.75
Wed Apr 17 10:53:18 2019,27.75
Wed Apr 17 10:54:22 2019,27.687
Wed Apr 17 10:55:25 2019,27.687
Wed Apr 17 10:56:29 2019,27.625
Wed Apr 17 10:57:32 2019,27.625
Wed Apr 17 10:58:36 2019,27.625
Wed Apr 17 10:59:39 2019,27.562
Wed Apr 17 11:07:24 2019,27.375
Wed Apr 17 11:08:28 2019,27.375
Wed Apr 17 11:09:31 2019,27.312
Wed Apr 17 11:10:35 2019,27.312
Wed Apr 17 11:11:39 2019,27.25
Wed Apr 17 11:12:42 2019,27.25
Wed Apr 17 11:13:46 2019,27.25
Wed Apr 17 11:14:49 2019,27.187
Wed Apr 17 11:15:53 2019,27.187
Wed Apr 17 11:16:56 2019,27.187
Wed Apr 17 11:17:59 2019,27.125
Wed Apr 17 11:19:03 2019,27.125
Wed Apr 17 11:20:06 2019,27.062
Wed Apr 17 11:21:10 2019,27.062
Wed Apr 17 11:22:13 2019,27.062
Wed Apr 17 11:23:17 2019,27.0
Wed Apr 17 11:24:20 2019,27.0
Wed Apr 17 11:25:23 2019,26.937
Wed Apr 17 11:26:27 2019,26.937
Wed Apr 17 11:27:30 2019,26.937
Wed Apr 17 11:28:34 2019,26.875
Wed Apr 17 11:29:37 2019,26.875
Wed Apr 17 11:30:41 2019,26.875
Wed Apr 17 11:31:44 2019,26.812
Wed Apr 17 11:32:48 2019,26.812
Wed Apr 17 11:33:51 2019,26.75
Wed Apr 17 11:34:55 2019,26.75
Wed Apr 17 11:35:58 2019,26.75
Wed Apr 17 11:37:01 2019,26.75
Wed Apr 17 11:38:05 2019,26.687
Wed Apr 17 11:39:08 2019,26.687
Wed Apr 17 11:40:12 2019,26.625
Wed Apr 17 11:41:15 2019,26.625
Wed Apr 17 11:42:19 2019,26.625
Wed Apr 17 11:43:22 2019,26.625
Wed Apr 17 11:44:26 2019,26.562
Wed Apr 17 11:45:29 2019,26.562
Wed Apr 17 11:46:33 2019,26.562
Wed Apr 17 11:47:36 2019,26.562
Wed Apr 17 11:48:40 2019,26.5
Wed Apr 17 11:49:43 2019,26.5
Wed Apr 17 11:50:47 2019,26.5
Wed Apr 17 11:51:50 2019,26.5
Wed Apr 17 11:52:53 2019,26.437
Wed Apr 17 11:53:57 2019,26.437
Wed Apr 17 11:55:00 2019,26.437
Wed Apr 17 11:56:04 2019,26.375
Wed Apr 17 11:57:07 2019,26.375
Wed Apr 17 11:58:11 2019,26.375
Wed Apr 17 11:59:14 2019,26.375
Wed Apr 17 12:00:18 2019,26.312
Wed Apr 17 12:01:21 2019,26.312
Wed Apr 17 12:02:24 2019,26.312
Wed Apr 17 12:03:28 2019,26.312
Wed Apr 17 12:04:31 2019,26.312
Wed Apr 17 12:05:35 2019,26.25
Wed Apr 17 12:06:38 2019,26.25
Wed Apr 17 12:07:42 2019,26.25
Wed Apr 17 12:08:45 2019,26.25
Wed Apr 17 12:09:49 2019,26.25
Wed Apr 17 12:10:52 2019,26.187
Wed Apr 17 12:11:55 2019,26.187
Wed Apr 17 12:12:59 2019,26.187
Wed Apr 17 12:14:02 2019,26.187
Wed Apr 17 12:15:06 2019,26.125
Wed Apr 17 12:16:09 2019,26.125
Wed Apr 17 12:17:13 2019,26.125
Wed Apr 17 12:18:16 2019,26.125
Wed Apr 17 12:19:20 2019,26.125
Wed Apr 17 12:20:23 2019,26.125
Wed Apr 17 12:21:27 2019,26.125
Wed Apr 17 12:22:30 2019,26.125
Wed Apr 17 12:23:33 2019,26.062
Wed Apr 17 12:24:37 2019,26.062
Wed Apr 17 12:25:40 2019,26.062
Wed Apr 17 12:26:44 2019,26.062
Wed Apr 17 12:27:47 2019,26.062
Wed Apr 17 12:28:51 2019,26.062
Wed Apr 17 12:29:54 2019,26.062
Wed Apr 17 12:30:58 2019,26.062
Wed Apr 17 12:32:01 2019,26.062
Wed Apr 17 12:33:04 2019,26.062
Wed Apr 17 12:34:08 2019,26.0
Wed Apr 17 12:35:11 2019,26.0
Wed Apr 17 12:36:15 2019,26.0
Wed Apr 17 12:37:18 2019,26.0
Wed Apr 17 12:38:22 2019,26.0
Wed Apr 17 12:39:25 2019,26.0
Wed Apr 17 12:40:29 2019,26.0
Wed Apr 17 12:41:32 2019,26.0
Wed Apr 17 12:42:35 2019,25.937
Wed Apr 17 12:43:39 2019,25.937
Wed Apr 17 12:44:42 2019,25.937
Wed Apr 17 12:45:46 2019,25.937
Wed Apr 17 12:46:49 2019,25.937
Wed Apr 17 12:47:53 2019,25.937
Wed Apr 17 12:48:56 2019,25.937
Wed Apr 17 12:49:59 2019,25.875
Wed Apr 17 12:51:03 2019,25.875
Wed Apr 17 12:52:06 2019,25.875
Wed Apr 17 12:53:10 2019,25.875
Wed Apr 17 12:54:13 2019,25.875
Wed Apr 17 12:55:17 2019,25.875
Wed Apr 17 12:56:20 2019,25.812
Wed Apr 17 12:57:24 2019,25.812
Wed Apr 17 12:58:27 2019,25.812
Wed Apr 17 12:59:30 2019,25.812
Wed Apr 17 13:00:34 2019,25.812
Wed Apr 17 13:01:37 2019,25.812
Wed Apr 17 13:02:41 2019,25.812
Wed Apr 17 13:03:45 2019,25.812
Wed Apr 17 13:04:49 2019,25.75
Wed Apr 17 13:05:52 2019,25.75
Wed Apr 17 13:06:56 2019,25.75
Wed Apr 17 13:07:59 2019,25.75
Wed Apr 17 13:09:02 2019,25.75
Wed Apr 17 13:10:06 2019,25.75
Wed Apr 17 13:11:09 2019,25.687
Wed Apr 17 13:12:13 2019,25.687
Wed Apr 17 13:13:16 2019,25.687
Wed Apr 17 13:14:20 2019,25.687
Wed Apr 17 13:15:23 2019,25.687
Wed Apr 17 13:16:27 2019,25.687
Wed Apr 17 13:17:30 2019,25.687
Wed Apr 17 13:18:34 2019,25.625
Wed Apr 17 13:19:37 2019,25.625
Wed Apr 17 13:20:40 2019,25.625
Wed Apr 17 13:21:44 2019,25.625
Wed Apr 17 13:22:47 2019,25.625
Wed Apr 17 13:23:51 2019,25.625
Wed Apr 17 13:24:54 2019,25.625
Wed Apr 17 13:25:58 2019,25.625
Wed Apr 17 13:27:01 2019,25.562
Wed Apr 17 13:28:05 2019,25.562
Wed Apr 17 13:29:08 2019,25.562
Wed Apr 17 13:30:12 2019,25.562
Wed Apr 17 13:31:15 2019,25.562
Wed Apr 17 13:32:19 2019,25.562
Wed Apr 17 13:33:22 2019,25.562
Wed Apr 17 13:34:25 2019,25.562
Wed Apr 17 13:35:29 2019,25.562
Wed Apr 17 13:36:32 2019,25.562
Wed Apr 17 13:37:36 2019,25.562
Wed Apr 17 13:38:39 2019,25.562
Wed Apr 17 13:39:43 2019,25.562
Wed Apr 17 13:40:46 2019,25.562
Wed Apr 17 13:41:49 2019,25.562
Wed Apr 17 13:42:53 2019,25.562
Wed Apr 17 13:43:56 2019,25.562
Wed Apr 17 13:45:00 2019,25.562
Wed Apr 17 13:46:03 2019,25.562
Wed Apr 17 13:47:07 2019,25.562
Wed Apr 17 13:48:11 2019,25.562
Wed Apr 17 13:49:14 2019,25.562
Wed Apr 17 13:50:18 2019,25.562
Wed Apr 17 13:51:21 2019,25.562
Wed Apr 17 13:52:25 2019,25.5
Wed Apr 17 13:53:28 2019,25.562
Wed Apr 17 13:54:31 2019,25.5
Wed Apr 17 13:55:35 2019,25.562
Wed Apr 17 13:56:38 2019,25.5
Wed Apr 17 13:57:42 2019,25.5
Wed Apr 17 13:58:45 2019,25.562
Wed Apr 17 13:59:49 2019,25.5
Wed Apr 17 14:00:52 2019,25.562
Wed Apr 17 14:01:56 2019,25.562
Wed Apr 17 14:02:59 2019,25.562
Wed Apr 17 14:04:03 2019,25.5
Wed Apr 17 14:05:06 2019,25.5
Wed Apr 17 14:06:10 2019,25.5
Wed Apr 17 14:07:13 2019,25.562
Wed Apr 17 14:08:16 2019,25.5
Wed Apr 17 14:09:20 2019,25.5
Wed Apr 17 14:10:23 2019,25.5
Wed Apr 17 14:11:27 2019,25.562
Wed Apr 17 14:12:30 2019,25.5
Wed Apr 17 14:13:34 2019,25.5
Wed Apr 17 14:14:38 2019,25.5
Wed Apr 17 14:15:42 2019,25.562
Wed Apr 17 14:16:45 2019,25.5
Wed Apr 17 14:17:49 2019,25.5
Wed Apr 17 14:18:52 2019,25.562
Wed Apr 17 14:19:56 2019,25.5
Wed Apr 17 14:20:59 2019,25.5
Wed Apr 17 14:22:02 2019,25.5
Wed Apr 17 14:23:06 2019,25.5
Wed Apr 17 14:24:09 2019,25.5
Wed Apr 17 14:25:13 2019,25.5
Wed Apr 17 14:26:16 2019,25.5
Wed Apr 17 14:27:20 2019,25.5
Wed Apr 17 14:28:23 2019,25.5
Wed Apr 17 14:29:27 2019,25.5
Wed Apr 17 14:30:30 2019,25.5
Wed Apr 17 14:31:33 2019,25.5
Wed Apr 17 14:32:37 2019,25.5
Wed Apr 17 14:33:40 2019,25.562
Wed Apr 17 14:34:44 2019,25.562
Wed Apr 17 14:35:47 2019,25.5
Wed Apr 17 14:36:51 2019,25.5
Wed Apr 17 14:37:54 2019,25.5
Wed Apr 17 14:38:58 2019,25.562
Wed Apr 17 14:40:01 2019,25.562
Wed Apr 17 14:41:05 2019,25.562
Wed Apr 17 14:42:08 2019,25.562
Wed Apr 17 14:43:12 2019,25.562
Wed Apr 17 14:44:15 2019,25.562
Wed Apr 17 14:45:19 2019,25.562
Wed Apr 17 14:46:22 2019,25.562
Wed Apr 17 14:47:25 2019,25.562
Wed Apr 17 14:48:29 2019,25.562
Wed Apr 17 14:49:32 2019,25.562
Wed Apr 17 14:50:36 2019,25.562
Wed Apr 17 14:51:39 2019,25.562
Wed Apr 17 14:52:43 2019,25.562
Wed Apr 17 14:53:46 2019,25.562
Wed Apr 17 14:54:50 2019,25.5
Wed Apr 17 14:55:53 2019,25.562
Wed Apr 17 14:56:56 2019,25.562
Wed Apr 17 14:58:00 2019,25.562
Wed Apr 17 14:59:03 2019,25.562
Wed Apr 17 15:00:07 2019,25.562
Wed Apr 17 15:01:10 2019,25.562
Wed Apr 17 15:02:14 2019,25.562
Wed Apr 17 15:03:17 2019,25.562
Wed Apr 17 15:04:21 2019,25.562
Wed Apr 17 15:05:24 2019,25.5
Wed Apr 17 15:06:27 2019,25.5
Wed Apr 17 15:07:31 2019,25.562
Wed Apr 17 15:08:35 2019,25.562
Wed Apr 17 15:09:38 2019,25.562
Wed Apr 17 15:10:42 2019,25.562
Wed Apr 17 15:11:45 2019,25.5
Wed Apr 17 15:12:49 2019,25.5
Wed Apr 17 15:13:52 2019,25.5
Wed Apr 17 15:14:56 2019,25.5
Wed Apr 17 15:15:59 2019,25.5
Wed Apr 17 15:17:03 2019,25.562
Wed Apr 17 15:18:06 2019,25.5
Wed Apr 17 15:19:09 2019,25.5
Wed Apr 17 15:20:13 2019,25.562
Wed Apr 17 15:21:16 2019,25.5
Wed Apr 17 15:22:20 2019,25.5
Wed Apr 17 15:23:23 2019,25.5
Wed Apr 17 15:24:27 2019,25.5
Wed Apr 17 15:25:30 2019,25.5
Wed Apr 17 15:26:33 2019,25.5
Wed Apr 17 15:27:37 2019,25.5
Wed Apr 17 15:28:40 2019,25.5
Wed Apr 17 15:29:44 2019,25.5
Wed Apr 17 15:30:47 2019,25.5
Wed Apr 17 15:31:51 2019,25.5
Wed Apr 17 15:32:54 2019,25.5
Wed Apr 17 15:33:58 2019,25.5
Wed Apr 17 15:35:01 2019,25.5
Wed Apr 17 15:36:04 2019,25.5
Wed Apr 17 15:37:08 2019,25.5
Wed Apr 17 15:38:11 2019,25.5
Wed Apr 17 15:39:15 2019,25.5
Wed Apr 17 15:40:18 2019,25.5
Wed Apr 17 15:41:22 2019,25.5
Wed Apr 17 15:42:25 2019,25.5
Wed Apr 17 15:43:29 2019,25.5
Wed Apr 17 15:44:32 2019,25.5
Wed Apr 17 15:45:35 2019,25.5
Wed Apr 17 15:46:39 2019,25.5
Wed Apr 17 15:47:42 2019,25.5
Wed Apr 17 15:48:46 2019,25.5
Wed Apr 17 15:49:49 2019,25.5
Wed Apr 17 15:50:53 2019,25.5
Wed Apr 17 15:51:56 2019,25.5
Wed Apr 17 15:53:00 2019,25.562
Wed Apr 17 15:54:03 2019,25.562
Wed Apr 17 15:55:07 2019,25.562
Wed Apr 17 15:56:10 2019,25.562
Wed Apr 17 15:57:13 2019,25.562
Wed Apr 17 15:58:17 2019,25.562
Wed Apr 17 15:59:20 2019,25.562
Wed Apr 17 16:00:24 2019,25.562
Wed Apr 17 16:01:28 2019,25.562
Wed Apr 17 16:02:31 2019,25.562
Wed Apr 17 16:03:35 2019,25.625
Wed Apr 17 16:04:38 2019,25.625
Wed Apr 17 16:05:42 2019,25.625
Wed Apr 17 16:06:45 2019,25.625
Wed Apr 17 16:07:49 2019,25.625
Wed Apr 17 16:08:52 2019,25.625
Wed Apr 17 16:09:56 2019,25.625
Wed Apr 17 16:10:59 2019,25.625
Wed Apr 17 16:12:02 2019,25.687
Wed Apr 17 16:13:06 2019,25.687
Wed Apr 17 16:14:09 2019,25.625
Wed Apr 17 16:15:13 2019,25.687
Wed Apr 17 16:16:16 2019,25.687
Wed Apr 17 16:17:20 2019,25.687
Wed Apr 17 16:18:23 2019,25.687
Wed Apr 17 16:19:27 2019,25.687
Wed Apr 17 16:20:30 2019,25.75
Wed Apr 17 16:21:34 2019,25.687
Wed Apr 17 16:22:37 2019,25.75
Wed Apr 17 16:23:40 2019,25.75
Wed Apr 17 16:24:44 2019,25.75
Wed Apr 17 16:25:47 2019,25.75
Wed Apr 17 16:26:51 2019,25.75
Wed Apr 17 16:27:54 2019,25.75
Wed Apr 17 16:28:58 2019,25.75
Wed Apr 17 16:30:01 2019,25.75
Wed Apr 17 16:31:05 2019,25.75
Wed Apr 17 16:32:08 2019,25.75
Wed Apr 17 16:33:12 2019,25.75
Wed Apr 17 16:34:15 2019,25.75
Wed Apr 17 16:35:19 2019,25.75
Wed Apr 17 16:36:22 2019,25.75
Wed Apr 17 16:37:25 2019,25.75
Wed Apr 17 16:38:29 2019,25.75
Wed Apr 17 16:39:32 2019,25.75
Wed Apr 17 16:40:36 2019,25.75
Wed Apr 17 16:41:39 2019,25.75
Wed Apr 17 16:42:43 2019,25.75
Wed Apr 17 16:43:46 2019,25.75
Wed Apr 17 16:44:50 2019,25.812
Wed Apr 17 16:45:53 2019,25.812
Wed Apr 17 16:46:56 2019,25.812
Wed Apr 17 16:48:00 2019,25.812
Wed Apr 17 16:49:03 2019,25.812
Wed Apr 17 16:50:07 2019,25.812
Wed Apr 17 16:51:11 2019,25.812
Wed Apr 17 16:52:14 2019,25.812
Wed Apr 17 16:53:19 2019,25.812
Wed Apr 17 16:54:22 2019,25.812
Wed Apr 17 16:55:26 2019,25.812
Wed Apr 17 16:56:29 2019,25.812
Wed Apr 17 16:57:32 2019,25.812
Wed Apr 17 16:58:36 2019,25.75
Wed Apr 17 16:59:39 2019,25.75
Wed Apr 17 17:00:43 2019,25.75
Wed Apr 17 17:01:46 2019,25.75
Wed Apr 17 17:02:50 2019,25.75
Wed Apr 17 17:03:53 2019,25.75
Wed Apr 17 17:04:57 2019,25.687
Wed Apr 17 17:06:00 2019,25.687
Wed Apr 17 17:07:03 2019,25.687
Wed Apr 17 17:08:07 2019,25.687
Wed Apr 17 17:09:10 2019,25.687
Wed Apr 17 17:10:14 2019,25.687
Wed Apr 17 17:11:17 2019,25.625
Wed Apr 17 17:12:21 2019,25.625
Wed Apr 17 17:13:24 2019,25.625
Wed Apr 17 17:14:28 2019,25.625
Wed Apr 17 17:15:31 2019,25.562
Wed Apr 17 17:16:34 2019,25.625
Wed Apr 17 17:17:38 2019,25.562
Wed Apr 17 17:18:41 2019,25.562
Wed Apr 17 17:19:45 2019,25.562
Wed Apr 17 17:20:48 2019,25.5
Wed Apr 17 17:21:52 2019,25.5
Wed Apr 17 17:22:55 2019,25.5
Wed Apr 17 17:23:59 2019,25.5
Wed Apr 17 17:25:02 2019,25.5
Wed Apr 17 17:26:06 2019,25.437
Wed Apr 17 17:27:09 2019,25.437
Wed Apr 17 17:28:12 2019,25.437
Wed Apr 17 17:29:16 2019,25.437
Wed Apr 17 17:30:19 2019,25.437
Wed Apr 17 17:31:23 2019,25.375
Wed Apr 17 17:32:26 2019,25.375
Wed Apr 17 17:33:30 2019,25.375
Wed Apr 17 17:34:33 2019,25.375
Wed Apr 17 17:35:37 2019,25.375
Wed Apr 17 17:36:40 2019,25.375
Wed Apr 17 17:37:43 2019,25.312
Wed Apr 17 17:38:47 2019,25.312
Wed Apr 17 17:39:50 2019,25.312
Wed Apr 17 17:40:54 2019,25.312
Wed Apr 17 17:41:57 2019,25.312
Wed Apr 17 17:43:01 2019,25.25
Wed Apr 17 17:44:04 2019,25.25
Wed Apr 17 17:45:08 2019,25.25
Wed Apr 17 17:46:11 2019,25.25
Wed Apr 17 17:47:15 2019,25.25
Wed Apr 17 17:48:18 2019,25.187
Wed Apr 17 17:49:21 2019,25.187
Wed Apr 17 17:50:25 2019,25.187
Wed Apr 17 17:51:28 2019,25.187
Wed Apr 17 17:52:32 2019,25.187
Wed Apr 17 17:53:35 2019,25.187
Wed Apr 17 17:54:39 2019,25.125
Wed Apr 17 17:55:42 2019,25.125
Wed Apr 17 17:56:45 2019,25.125
Wed Apr 17 17:57:49 2019,25.125
Wed Apr 17 17:58:52 2019,25.125
Wed Apr 17 17:59:56 2019,25.062
Wed Apr 17 18:00:59 2019,25.062
Wed Apr 17 18:02:03 2019,25.062
Wed Apr 17 18:03:06 2019,25.062
Wed Apr 17 18:04:10 2019,25.062
Wed Apr 17 18:05:13 2019,25.062
Wed Apr 17 18:06:17 2019,25.062
Wed Apr 17 18:07:20 2019,25.062
Wed Apr 17 18:08:23 2019,25.0
Wed Apr 17 18:09:27 2019,25.0
Wed Apr 17 18:10:30 2019,25.0
Wed Apr 17 18:11:34 2019,25.0
Wed Apr 17 18:12:37 2019,25.0
Wed Apr 17 18:13:41 2019,25.0
Wed Apr 17 18:14:44 2019,25.0
Wed Apr 17 18:15:48 2019,25.0
Wed Apr 17 18:16:51 2019,25.0
Wed Apr 17 18:17:55 2019,25.0
Wed Apr 17 18:18:59 2019,25.0
Wed Apr 17 18:20:03 2019,25.0
Wed Apr 17 18:21:06 2019,24.937
Wed Apr 17 18:22:09 2019,25.0
Wed Apr 17 18:23:13 2019,24.937
Wed Apr 17 18:24:16 2019,24.937
Wed Apr 17 18:25:20 2019,24.937
Wed Apr 17 18:26:23 2019,24.937
Wed Apr 17 18:27:27 2019,24.937
Wed Apr 17 18:28:30 2019,24.937
Wed Apr 17 18:29:33 2019,24.937
Wed Apr 17 18:30:37 2019,24.937
Wed Apr 17 18:31:40 2019,24.937
Wed Apr 17 18:32:44 2019,24.937
Wed Apr 17 18:33:47 2019,24.937
Wed Apr 17 18:34:51 2019,24.937
Wed Apr 17 18:35:54 2019,24.937
Wed Apr 17 18:36:58 2019,24.875
Wed Apr 17 18:38:01 2019,24.937
Wed Apr 17 18:39:04 2019,24.937
Wed Apr 17 18:40:08 2019,24.875
Wed Apr 17 18:41:11 2019,24.937
Wed Apr 17 18:42:15 2019,24.937
Wed Apr 17 18:43:18 2019,24.937
Wed Apr 17 18:44:22 2019,24.937
Wed Apr 17 18:45:26 2019,24.937
Wed Apr 17 18:46:29 2019,24.937
Wed Apr 17 18:47:33 2019,24.937
Wed Apr 17 18:48:36 2019,24.937
Wed Apr 17 18:49:40 2019,24.937
Wed Apr 17 18:50:43 2019,24.937
Wed Apr 17 18:51:47 2019,24.937
Wed Apr 17 18:52:50 2019,24.937
Wed Apr 17 18:53:53 2019,24.937
Wed Apr 17 18:54:57 2019,24.937
Wed Apr 17 18:56:00 2019,24.937
Wed Apr 17 18:57:04 2019,24.937
Wed Apr 17 18:58:07 2019,24.937
Wed Apr 17 18:59:11 2019,24.937
Wed Apr 17 19:00:14 2019,24.937
Wed Apr 17 19:01:18 2019,24.937
Wed Apr 17 19:02:21 2019,24.937
Wed Apr 17 19:03:24 2019,24.937
Wed Apr 17 19:04:28 2019,24.937
Wed Apr 17 19:05:31 2019,24.937
Wed Apr 17 19:06:35 2019,24.937
Wed Apr 17 19:07:38 2019,24.937
Wed Apr 17 19:08:42 2019,24.937
Wed Apr 17 19:09:45 2019,24.875
Wed Apr 17 19:10:49 2019,24.937
Wed Apr 17 19:11:52 2019,24.937
Wed Apr 17 19:12:55 2019,24.875
Wed Apr 17 19:13:59 2019,24.937
Wed Apr 17 19:15:02 2019,24.875
Wed Apr 17 19:16:06 2019,24.937
Wed Apr 17 19:17:09 2019,24.875
Wed Apr 17 19:18:13 2019,24.875
Wed Apr 17 19:19:16 2019,24.875
Wed Apr 17 19:20:20 2019,24.875
Wed Apr 17 19:21:23 2019,24.875
Wed Apr 17 19:22:26 2019,24.875
Wed Apr 17 19:23:30 2019,24.875
Wed Apr 17 19:24:33 2019,24.875
Wed Apr 17 19:25:37 2019,24.875
Wed Apr 17 19:26:40 2019,24.875
Wed Apr 17 19:27:44 2019,24.875
Wed Apr 17 19:28:47 2019,24.875
Wed Apr 17 19:29:51 2019,24.875
Wed Apr 17 19:30:54 2019,24.875
Wed Apr 17 19:31:57 2019,24.875
Wed Apr 17 19:33:01 2019,24.875
Wed Apr 17 19:34:04 2019,24.875
Wed Apr 17 19:35:08 2019,24.875
Wed Apr 17 19:36:11 2019,24.875
Wed Apr 17 19:37:15 2019,24.875
Wed Apr 17 19:38:18 2019,24.875
Wed Apr 17 19:39:22 2019,24.875
Wed Apr 17 19:40:25 2019,24.875
Wed Apr 17 19:41:28 2019,24.812
Wed Apr 17 19:42:32 2019,24.875
Wed Apr 17 19:43:35 2019,24.812
Wed Apr 17 19:44:39 2019,24.812
Wed Apr 17 19:45:42 2019,24.812
Wed Apr 17 19:46:46 2019,24.812
Wed Apr 17 19:47:49 2019,24.812
Wed Apr 17 19:48:53 2019,24.812
Wed Apr 17 19:49:56 2019,24.812
Wed Apr 17 19:50:59 2019,24.812
Wed Apr 17 19:52:03 2019,24.812
Wed Apr 17 19:53:06 2019,24.812
Wed Apr 17 19:54:10 2019,24.812
Thu Apr 18 08:54:12 2019,27.437
Fri Apr 19 10:41:39 2019,27.437
Fri Apr 19 10:42:42 2019,27.437
Fri Apr 19 10:43:46 2019,27.375
Fri Apr 19 10:44:49 2019,27.375
Fri Apr 19 10:45:53 2019,27.312
Fri Apr 19 10:46:56 2019,27.25
Fri Apr 19 10:48:00 2019,27.25
Fri Apr 19 10:49:03 2019,27.187
Fri Apr 19 10:50:07 2019,27.187
Fri Apr 19 10:51:10 2019,27.125
Fri Apr 19 10:52:13 2019,27.125
Fri Apr 19 10:53:17 2019,27.062
Fri Apr 19 10:54:20 2019,27.062
Fri Apr 19 10:55:24 2019,27.0
Fri Apr 19 10:56:27 2019,27.0
Fri Apr 19 10:57:32 2019,26.937
Fri Apr 19 10:58:35 2019,26.937
Fri Apr 19 10:59:39 2019,26.875
Fri Apr 19 11:00:42 2019,26.875
Fri Apr 19 11:01:45 2019,26.812
Fri Apr 19 11:02:49 2019,26.812
Fri Apr 19 11:03:52 2019,26.75
Fri Apr 19 11:04:56 2019,26.75
Fri Apr 19 11:05:59 2019,26.687
Fri Apr 19 11:07:03 2019,26.687
Fri Apr 19 11:08:06 2019,26.687
Fri Apr 19 11:09:10 2019,26.625
Fri Apr 19 11:10:13 2019,26.562
Fri Apr 19 11:11:16 2019,26.562
Fri Apr 19 11:12:20 2019,26.562
Fri Apr 19 11:13:23 2019,26.5
Fri Apr 19 11:14:27 2019,26.5
Fri Apr 19 11:15:30 2019,26.437
Fri Apr 19 11:16:34 2019,26.437
Fri Apr 19 11:17:37 2019,26.375
Fri Apr 19 11:18:41 2019,26.375
Fri Apr 19 11:19:44 2019,26.375
Fri Apr 19 11:20:47 2019,26.312
Fri Apr 19 11:21:51 2019,26.312
Fri Apr 19 11:22:54 2019,26.25
Fri Apr 19 11:23:58 2019,26.25
Fri Apr 19 11:25:01 2019,26.25
Fri Apr 19 11:26:05 2019,26.187
Fri Apr 19 11:27:08 2019,26.187
Fri Apr 19 11:28:12 2019,26.125
Fri Apr 19 11:29:15 2019,26.125
Fri Apr 19 11:30:19 2019,26.125
Fri Apr 19 11:31:22 2019,26.062
Fri Apr 19 11:32:26 2019,26.062
Fri Apr 19 11:33:29 2019,26.062
Fri Apr 19 11:34:33 2019,26.0
Fri Apr 19 11:35:36 2019,26.0
Fri Apr 19 11:36:39 2019,25.937
Fri Apr 19 11:37:43 2019,25.937
Fri Apr 19 11:38:46 2019,25.937
Fri Apr 19 11:39:50 2019,25.875
Fri Apr 19 11:40:53 2019,25.875
Fri Apr 19 11:41:57 2019,25.875
Fri Apr 19 11:43:00 2019,25.812
Fri Apr 19 11:44:03 2019,25.812
Fri Apr 19 11:45:07 2019,25.812
Fri Apr 19 11:46:10 2019,25.75
Fri Apr 19 11:47:14 2019,25.75
Fri Apr 19 11:48:17 2019,25.75
Fri Apr 19 11:49:21 2019,25.75
Fri Apr 19 11:50:24 2019,25.75
Fri Apr 19 11:51:28 2019,25.687
Fri Apr 19 11:52:31 2019,25.687
Fri Apr 19 11:53:34 2019,25.687
Fri Apr 19 11:54:38 2019,25.687
Fri Apr 19 11:55:41 2019,25.687
Fri Apr 19 11:56:45 2019,25.687
Fri Apr 19 11:57:48 2019,25.625
Fri Apr 19 11:58:52 2019,25.625
Fri Apr 19 11:59:55 2019,25.625
Fri Apr 19 12:00:59 2019,25.625
Fri Apr 19 12:02:02 2019,25.625
Fri Apr 19 12:03:05 2019,25.625
Fri Apr 19 12:04:09 2019,25.562
Fri Apr 19 12:05:12 2019,25.562
Fri Apr 19 12:06:16 2019,25.562
Thu Apr 25 07:49:53 2019,27.312
Thu Apr 25 07:50:57 2019,27.25
Thu Apr 25 07:52:00 2019,27.25
Thu Apr 25 07:53:03 2019,27.187
Thu Apr 25 07:54:07 2019,27.187
Thu Apr 25 07:55:10 2019,27.187
Thu Apr 25 07:56:14 2019,27.125
Thu Apr 25 07:57:17 2019,27.125
Thu Apr 25 07:58:21 2019,27.125
Thu Apr 25 07:59:24 2019,27.125
Thu Apr 25 08:00:28 2019,27.062
Thu Apr 25 08:01:31 2019,27.062
Thu Apr 25 08:02:34 2019,27.062
Thu Apr 25 08:03:38 2019,27.062
Thu Apr 25 08:04:41 2019,27.0
Thu Apr 25 08:05:45 2019,27.0
Thu Apr 25 08:06:48 2019,27.0
Thu Apr 25 08:07:52 2019,26.937
Thu Apr 25 08:08:55 2019,26.937
Thu Apr 25 08:09:58 2019,26.937
Thu Apr 25 08:11:02 2019,26.875
Thu Apr 25 08:12:05 2019,26.875
Thu Apr 25 08:13:09 2019,26.875
Thu Apr 25 08:14:12 2019,26.875
Thu Apr 25 08:15:16 2019,26.812
Thu Apr 25 08:16:19 2019,26.812
Thu Apr 25 08:17:23 2019,26.812
Thu Apr 25 08:18:26 2019,26.75
Thu Apr 25 08:19:30 2019,26.75
Thu Apr 25 08:20:33 2019,26.75
Thu Apr 25 08:21:37 2019,26.75
Thu Apr 25 08:22:40 2019,26.75
Thu Apr 25 08:23:44 2019,26.687
Thu Apr 25 08:24:47 2019,26.687
Thu Apr 25 08:25:50 2019,26.625
Thu Apr 25 08:26:54 2019,26.625
Thu Apr 25 08:27:57 2019,26.625
Thu Apr 25 08:29:01 2019,26.625
Thu Apr 25 08:30:04 2019,26.562
Thu Apr 25 08:31:08 2019,26.562
Thu Apr 25 08:32:11 2019,26.562
Thu Apr 25 08:33:15 2019,26.562
Thu Apr 25 08:34:18 2019,26.5
Thu Apr 25 08:35:22 2019,26.5
Thu Apr 25 08:36:25 2019,26.5
Thu Apr 25 08:37:29 2019,26.5
Thu Apr 25 08:38:33 2019,26.5
Thu Apr 25 08:39:36 2019,26.437
Thu Apr 25 08:40:39 2019,26.437
Thu Apr 25 08:41:43 2019,26.437
Thu Apr 25 08:42:47 2019,26.437
Thu Apr 25 08:43:50 2019,26.437
Thu Apr 25 08:44:54 2019,26.437
Thu Apr 25 08:45:57 2019,26.375
Thu Apr 25 08:47:01 2019,26.375
Thu Apr 25 08:48:04 2019,26.375
Thu Apr 25 08:49:08 2019,26.375
Thu Apr 25 08:50:11 2019,26.375
Thu Apr 25 08:51:14 2019,26.312
Thu Apr 25 08:52:18 2019,26.312
Thu Apr 25 08:53:21 2019,26.312
Thu Apr 25 08:54:25 2019,26.312
Thu Apr 25 08:55:28 2019,26.312
Thu Apr 25 08:56:32 2019,26.312
Thu Apr 25 08:57:35 2019,26.312
Thu Apr 25 08:58:39 2019,26.25
Thu Apr 25 08:59:42 2019,26.25
Thu Apr 25 09:00:45 2019,26.25
Thu Apr 25 09:01:49 2019,26.25
Thu Apr 25 09:02:52 2019,26.25
Thu Apr 25 09:03:56 2019,26.25
Thu Apr 25 09:04:59 2019,26.25
Thu Apr 25 09:06:03 2019,26.25
Thu Apr 25 09:07:06 2019,26.25
Thu Apr 25 09:08:10 2019,26.187
Thu Apr 25 09:09:13 2019,26.187
Thu Apr 25 09:10:16 2019,26.187
Thu Apr 25 09:11:20 2019,26.187
Thu Apr 25 09:12:23 2019,26.187
Thu Apr 25 09:13:27 2019,26.187
Thu Apr 25 09:14:30 2019,26.187
Thu Apr 25 09:15:34 2019,26.187
Thu Apr 25 09:16:37 2019,26.187
Thu Apr 25 09:17:41 2019,26.125
Thu Apr 25 09:18:45 2019,26.125
Thu Apr 25 09:19:48 2019,26.125
Thu Apr 25 09:20:52 2019,26.125
Thu Apr 25 09:21:55 2019,26.125
Thu Apr 25 09:22:59 2019,26.125
Thu Apr 25 09:24:02 2019,26.125
Thu Apr 25 09:25:06 2019,26.125
Thu Apr 25 09:26:09 2019,26.125
Thu Apr 25 09:27:13 2019,26.125
Thu Apr 25 09:28:16 2019,26.125
Thu Apr 25 09:29:19 2019,26.125
Thu Apr 25 09:30:23 2019,26.125
Thu Apr 25 09:31:26 2019,26.125
Thu Apr 25 09:32:30 2019,26.125
Thu Apr 25 09:33:33 2019,26.062
Thu Apr 25 09:34:37 2019,26.062
Thu Apr 25 09:35:41 2019,26.062
Thu Apr 25 09:36:45 2019,26.062
Thu Apr 25 09:37:48 2019,26.062
Thu Apr 25 09:38:52 2019,26.062
Thu Apr 25 09:39:55 2019,26.125
Thu Apr 25 09:40:59 2019,26.125
Thu Apr 25 09:42:02 2019,26.125
Thu Apr 25 09:43:05 2019,26.125
Thu Apr 25 09:44:09 2019,26.125
Thu Apr 25 09:45:12 2019,26.125
Thu Apr 25 09:46:16 2019,26.125
Thu Apr 25 09:47:19 2019,26.125
Thu Apr 25 09:48:23 2019,26.125
Thu Apr 25 09:49:26 2019,26.125
Thu Apr 25 09:50:30 2019,26.125
Thu Apr 25 09:51:33 2019,26.125
Thu Apr 25 09:52:36 2019,26.125
Thu Apr 25 09:53:40 2019,26.125
Thu Apr 25 09:54:43 2019,26.125
Thu Apr 25 09:55:47 2019,26.125
Thu Apr 25 09:56:50 2019,26.125
Thu Apr 25 09:57:54 2019,26.125
Thu Apr 25 09:58:57 2019,26.125
Thu Apr 25 10:00:01 2019,26.125
Thu Apr 25 10:01:04 2019,26.125
Thu Apr 25 10:02:08 2019,26.125
Thu Apr 25 10:03:11 2019,26.125
Thu Apr 25 10:04:14 2019,26.125
Thu Apr 25 10:05:18 2019,26.125
Thu Apr 25 10:06:21 2019,26.125
Thu Apr 25 10:07:25 2019,26.125
Thu Apr 25 11:08:38 2019,29.625
Thu Apr 25 11:09:42 2019,29.687
Thu Apr 25 11:10:45 2019,29.687
Thu Apr 25 11:11:49 2019,29.75
Thu Apr 25 11:12:52 2019,29.75
Thu Apr 25 11:13:56 2019,29.75
Thu Apr 25 11:15:00 2019,29.812
Thu Apr 25 11:16:03 2019,29.812
Thu Apr 25 11:17:07 2019,29.875
Thu Apr 25 11:18:10 2019,29.875
Thu Apr 25 11:19:14 2019,29.875
Thu Apr 25 11:20:17 2019,29.875
Thu Apr 25 11:21:21 2019,29.875
Thu Apr 25 11:22:24 2019,29.875
Thu Apr 25 11:23:27 2019,29.875
Thu Apr 25 11:27:21 2019,29.937
Thu Apr 25 11:28:24 2019,29.937
Thu Apr 25 11:29:28 2019,29.937
Thu Apr 25 11:30:31 2019,29.937
Thu Apr 25 11:31:35 2019,29.937
Thu Apr 25 11:32:38 2019,29.937
Thu Apr 25 11:33:42 2019,29.937
Thu Apr 25 11:34:45 2019,30.0
Thu Apr 25 11:35:49 2019,30.062
Thu Apr 25 11:36:52 2019,30.062
Thu Apr 25 11:37:55 2019,30.062
Thu Apr 25 11:38:59 2019,30.125
Thu Apr 25 11:40:02 2019,30.125
Thu Apr 25 11:41:06 2019,30.187
Thu Apr 25 11:42:09 2019,30.187
Thu Apr 25 11:43:13 2019,30.187
Thu Apr 25 11:44:16 2019,30.25
Thu Apr 25 11:45:20 2019,30.25
