date,reading
Thu Apr 11 23:32:57 2019,83.33333333799999
Thu Apr 11 23:33:58 2019,83.33333333799999
Thu Apr 11 23:34:58 2019,83.33333333799999
Thu Apr 11 23:35:58 2019,82.05128205599999
Thu Apr 11 23:36:58 2019,83.33333333799999
Thu Apr 11 23:37:58 2019,83.33333333799999
Thu Apr 11 23:38:58 2019,83.33333333799999
Thu Apr 11 23:39:58 2019,83.33333333799999
Thu Apr 11 23:40:58 2019,83.33333333799999
Thu Apr 11 23:41:58 2019,84.61538462
Thu Apr 11 23:42:58 2019,84.61538462
Thu Apr 11 23:43:58 2019,84.61538462
Thu Apr 11 23:44:58 2019,84.61538462
Thu Apr 11 23:45:58 2019,84.61538462
Thu Apr 11 23:46:58 2019,84.61538462
Thu Apr 11 23:47:59 2019,84.61538462
Thu Apr 11 23:48:59 2019,84.61538462
Thu Apr 11 23:49:59 2019,83.33333333799999
Thu Apr 11 23:50:59 2019,83.33333333799999
Thu Apr 11 23:51:59 2019,84.61538462
Thu Apr 11 23:52:59 2019,84.61538462
Thu Apr 11 23:53:59 2019,84.61538462
Thu Apr 11 23:54:59 2019,83.33333333799999
Thu Apr 11 23:55:59 2019,83.33333333799999
Thu Apr 11 23:56:59 2019,83.33333333799999
Thu Apr 11 23:57:59 2019,83.33333333799999
Thu Apr 11 23:58:59 2019,82.05128205599999
Thu Apr 11 23:59:59 2019,83.33333333799999
Fri Apr 12 00:01:00 2019,83.33333333799999
Fri Apr 12 00:02:00 2019,83.33333333799999
Fri Apr 12 00:03:00 2019,83.33333333799999
Fri Apr 12 00:04:00 2019,83.33333333799999
Fri Apr 12 00:05:00 2019,83.33333333799999
Fri Apr 12 00:06:00 2019,83.33333333799999
Fri Apr 12 00:07:00 2019,82.05128205599999
Fri Apr 12 00:08:00 2019,82.05128205599999
Fri Apr 12 00:09:00 2019,83.33333333799999
Fri Apr 12 00:10:00 2019,83.33333333799999
Fri Apr 12 00:11:00 2019,83.33333333799999
Fri Apr 12 00:12:00 2019,84.61538462
Fri Apr 12 00:13:00 2019,84.61538462
Fri Apr 12 00:14:01 2019,83.33333333799999
Fri Apr 12 00:15:01 2019,84.61538462
Fri Apr 12 00:16:01 2019,83.33333333799999
Fri Apr 12 00:17:01 2019,83.33333333799999
Fri Apr 12 00:18:01 2019,83.33333333799999
Fri Apr 12 00:19:01 2019,83.33333333799999
Fri Apr 12 00:20:01 2019,83.33333333799999
Fri Apr 12 00:21:01 2019,82.05128205599999
Fri Apr 12 00:22:01 2019,83.33333333799999
Fri Apr 12 00:23:01 2019,83.33333333799999
Fri Apr 12 00:24:01 2019,83.33333333799999
Fri Apr 12 00:25:01 2019,83.33333333799999
Fri Apr 12 00:26:01 2019,83.33333333799999
Fri Apr 12 00:27:02 2019,83.33333333799999
Fri Apr 12 00:28:02 2019,83.33333333799999
Fri Apr 12 00:29:02 2019,83.33333333799999
Fri Apr 12 00:30:02 2019,83.33333333799999
Fri Apr 12 00:31:02 2019,83.33333333799999
Fri Apr 12 00:32:02 2019,83.33333333799999
Fri Apr 12 00:33:02 2019,83.33333333799999
Fri Apr 12 00:34:02 2019,83.33333333799999
Fri Apr 12 00:35:02 2019,82.05128205599999
Fri Apr 12 00:36:02 2019,83.33333333799999
Fri Apr 12 00:37:02 2019,83.33333333799999
Fri Apr 12 00:38:02 2019,83.33333333799999
Fri Apr 12 00:39:02 2019,83.33333333799999
Fri Apr 12 00:40:03 2019,83.33333333799999
Fri Apr 12 00:41:03 2019,83.33333333799999
Fri Apr 12 00:42:03 2019,83.33333333799999
Fri Apr 12 00:43:03 2019,83.33333333799999
Fri Apr 12 00:44:03 2019,83.33333333799999
Fri Apr 12 00:45:03 2019,83.33333333799999
Fri Apr 12 00:46:03 2019,83.33333333799999
Fri Apr 12 00:47:03 2019,83.33333333799999
Fri Apr 12 00:48:04 2019,83.33333333799999
Fri Apr 12 00:49:04 2019,83.33333333799999
Fri Apr 12 00:50:04 2019,83.33333333799999
Fri Apr 12 00:51:04 2019,83.33333333799999
Fri Apr 12 00:52:04 2019,83.33333333799999
Fri Apr 12 00:53:04 2019,83.33333333799999
Fri Apr 12 00:54:04 2019,83.33333333799999
Fri Apr 12 00:55:04 2019,83.33333333799999
Fri Apr 12 00:56:04 2019,83.33333333799999
Fri Apr 12 00:57:04 2019,84.61538462
Fri Apr 12 00:58:04 2019,84.61538462
Fri Apr 12 00:59:04 2019,84.61538462
Fri Apr 12 01:00:04 2019,83.33333333799999
Fri Apr 12 01:01:05 2019,84.61538462
Fri Apr 12 01:02:05 2019,83.33333333799999
Fri Apr 12 01:03:05 2019,84.61538462
Fri Apr 12 01:04:05 2019,84.61538462
Fri Apr 12 01:05:05 2019,84.61538462
Fri Apr 12 01:06:05 2019,84.61538462
Fri Apr 12 01:07:05 2019,84.61538462
Fri Apr 12 01:08:05 2019,84.61538462
Fri Apr 12 01:09:05 2019,84.61538462
Fri Apr 12 01:10:05 2019,84.61538462
Fri Apr 12 01:11:05 2019,84.61538462
Fri Apr 12 01:12:06 2019,84.61538462
Fri Apr 12 01:13:06 2019,83.33333333799999
Fri Apr 12 01:14:06 2019,84.61538462
Fri Apr 12 01:15:06 2019,84.61538462
Fri Apr 12 01:16:06 2019,84.61538462
Fri Apr 12 01:17:06 2019,84.61538462
Fri Apr 12 01:18:06 2019,84.61538462
Fri Apr 12 01:19:06 2019,85.897435902
Fri Apr 12 01:20:06 2019,84.61538462
Fri Apr 12 01:21:06 2019,84.61538462
Fri Apr 12 01:22:06 2019,84.61538462
Fri Apr 12 01:23:06 2019,84.61538462
Fri Apr 12 01:24:06 2019,84.61538462
Fri Apr 12 01:25:06 2019,84.61538462
Fri Apr 12 01:26:07 2019,84.61538462
Fri Apr 12 01:27:07 2019,84.61538462
Fri Apr 12 01:28:07 2019,84.61538462
Fri Apr 12 01:29:07 2019,84.61538462
Fri Apr 12 01:30:07 2019,84.61538462
Fri Apr 12 01:31:07 2019,84.61538462
Fri Apr 12 01:32:07 2019,84.61538462
Fri Apr 12 01:33:07 2019,84.61538462
Fri Apr 12 01:34:07 2019,84.61538462
Fri Apr 12 01:35:07 2019,83.33333333799999
Fri Apr 12 01:36:07 2019,84.61538462
Fri Apr 12 01:37:07 2019,84.61538462
Fri Apr 12 01:38:07 2019,84.61538462
Fri Apr 12 01:39:08 2019,84.61538462
Fri Apr 12 01:40:08 2019,84.61538462
Fri Apr 12 01:41:08 2019,84.61538462
Fri Apr 12 01:42:08 2019,84.61538462
Fri Apr 12 01:43:08 2019,84.61538462
Fri Apr 12 01:44:08 2019,84.61538462
Fri Apr 12 01:45:08 2019,84.61538462
Fri Apr 12 01:46:08 2019,84.61538462
Fri Apr 12 01:47:08 2019,84.61538462
Fri Apr 12 01:48:08 2019,84.61538462
Fri Apr 12 01:49:08 2019,84.61538462
Fri Apr 12 01:50:08 2019,84.61538462
Fri Apr 12 01:51:08 2019,84.61538462
Fri Apr 12 01:52:08 2019,84.61538462
Fri Apr 12 01:53:09 2019,84.61538462
Fri Apr 12 01:54:09 2019,84.61538462
Fri Apr 12 01:55:09 2019,84.61538462
Fri Apr 12 01:56:09 2019,84.61538462
Fri Apr 12 01:57:09 2019,84.61538462
Fri Apr 12 01:58:09 2019,84.61538462
Fri Apr 12 01:59:09 2019,84.61538462
Fri Apr 12 02:00:09 2019,84.61538462
Fri Apr 12 02:01:09 2019,84.61538462
Fri Apr 12 02:02:09 2019,84.61538462
Fri Apr 12 02:03:09 2019,83.33333333799999
Fri Apr 12 02:04:09 2019,84.61538462
Fri Apr 12 02:05:09 2019,84.61538462
Fri Apr 12 02:06:10 2019,84.61538462
Fri Apr 12 02:07:10 2019,84.61538462
Fri Apr 12 02:08:10 2019,84.61538462
Fri Apr 12 02:09:10 2019,84.61538462
Fri Apr 12 02:10:10 2019,84.61538462
Fri Apr 12 02:11:10 2019,83.33333333799999
Fri Apr 12 02:12:10 2019,84.61538462
Fri Apr 12 02:13:10 2019,83.33333333799999
Fri Apr 12 02:14:10 2019,84.61538462
Fri Apr 12 02:15:10 2019,83.33333333799999
Fri Apr 12 02:16:10 2019,84.61538462
Fri Apr 12 02:17:10 2019,83.33333333799999
Fri Apr 12 02:18:10 2019,84.61538462
Fri Apr 12 02:19:10 2019,84.61538462
Fri Apr 12 02:20:10 2019,84.61538462
Fri Apr 12 02:21:10 2019,84.61538462
Fri Apr 12 02:22:11 2019,84.61538462
Fri Apr 12 02:23:11 2019,84.61538462
Fri Apr 12 02:24:11 2019,84.61538462
Fri Apr 12 02:25:11 2019,84.61538462
Fri Apr 12 02:26:11 2019,84.61538462
Fri Apr 12 02:27:11 2019,84.61538462
Fri Apr 12 02:28:11 2019,84.61538462
Fri Apr 12 02:29:11 2019,84.61538462
Fri Apr 12 02:30:11 2019,84.61538462
Fri Apr 12 02:31:11 2019,84.61538462
Fri Apr 12 02:32:11 2019,84.61538462
Fri Apr 12 02:33:11 2019,84.61538462
Fri Apr 12 02:34:11 2019,84.61538462
Fri Apr 12 02:35:11 2019,83.33333333799999
Fri Apr 12 02:36:11 2019,84.61538462
Fri Apr 12 02:37:11 2019,84.61538462
Fri Apr 12 02:38:11 2019,84.61538462
Fri Apr 12 02:39:11 2019,84.61538462
Fri Apr 12 02:40:12 2019,84.61538462
Fri Apr 12 02:41:12 2019,84.61538462
Fri Apr 12 02:42:12 2019,84.61538462
Fri Apr 12 02:43:12 2019,84.61538462
Fri Apr 12 02:44:12 2019,84.61538462
Fri Apr 12 02:45:12 2019,84.61538462
Fri Apr 12 02:46:12 2019,84.61538462
Fri Apr 12 02:47:12 2019,84.61538462
Fri Apr 12 02:48:12 2019,84.61538462
Fri Apr 12 02:49:12 2019,84.61538462
Fri Apr 12 02:50:12 2019,84.61538462
Fri Apr 12 02:51:12 2019,84.61538462
Fri Apr 12 02:52:12 2019,84.61538462
Fri Apr 12 02:53:13 2019,84.61538462
Fri Apr 12 02:54:13 2019,84.61538462
Fri Apr 12 02:55:13 2019,84.61538462
Fri Apr 12 02:56:13 2019,84.61538462
Fri Apr 12 02:57:13 2019,84.61538462
Fri Apr 12 02:58:13 2019,84.61538462
Fri Apr 12 02:59:13 2019,84.61538462
Fri Apr 12 03:00:13 2019,84.61538462
Fri Apr 12 03:01:13 2019,84.61538462
Fri Apr 12 03:02:13 2019,84.61538462
Fri Apr 12 03:03:13 2019,84.61538462
Fri Apr 12 03:04:13 2019,84.61538462
Fri Apr 12 03:05:13 2019,84.61538462
Fri Apr 12 03:06:13 2019,83.33333333799999
Fri Apr 12 03:07:14 2019,84.61538462
Fri Apr 12 03:08:14 2019,84.61538462
Fri Apr 12 03:09:14 2019,84.61538462
Fri Apr 12 03:10:14 2019,84.61538462
Fri Apr 12 03:11:14 2019,84.61538462
Fri Apr 12 03:12:14 2019,83.33333333799999
Fri Apr 12 03:13:14 2019,84.61538462
Fri Apr 12 03:14:14 2019,84.61538462
Fri Apr 12 03:15:14 2019,84.61538462
Fri Apr 12 03:16:14 2019,84.61538462
Fri Apr 12 03:17:14 2019,83.33333333799999
Fri Apr 12 03:18:14 2019,84.61538462
Fri Apr 12 03:19:14 2019,84.61538462
Fri Apr 12 03:20:14 2019,84.61538462
Fri Apr 12 03:21:15 2019,83.33333333799999
Fri Apr 12 03:22:15 2019,84.61538462
Fri Apr 12 03:23:15 2019,83.33333333799999
Fri Apr 12 03:24:15 2019,83.33333333799999
Fri Apr 12 03:25:15 2019,82.05128205599999
Fri Apr 12 03:26:15 2019,83.33333333799999
Fri Apr 12 03:27:15 2019,83.33333333799999
Fri Apr 12 03:28:16 2019,84.61538462
Fri Apr 12 03:29:16 2019,83.33333333799999
Fri Apr 12 03:30:16 2019,84.61538462
Fri Apr 12 03:31:16 2019,84.61538462
Fri Apr 12 03:32:16 2019,84.61538462
Fri Apr 12 03:33:16 2019,83.33333333799999
Fri Apr 12 03:34:16 2019,83.33333333799999
Fri Apr 12 03:35:16 2019,83.33333333799999
Fri Apr 12 03:36:16 2019,84.61538462
Fri Apr 12 03:37:16 2019,84.61538462
Fri Apr 12 03:38:16 2019,84.61538462
Fri Apr 12 03:39:16 2019,84.61538462
Fri Apr 12 03:40:16 2019,84.61538462
Fri Apr 12 03:41:16 2019,84.61538462
Fri Apr 12 03:42:16 2019,84.61538462
Fri Apr 12 03:43:16 2019,84.61538462
Fri Apr 12 03:44:17 2019,84.61538462
Fri Apr 12 03:45:17 2019,84.61538462
Fri Apr 12 03:46:17 2019,84.61538462
Fri Apr 12 03:47:17 2019,84.61538462
Fri Apr 12 03:48:17 2019,84.61538462
Fri Apr 12 03:49:17 2019,84.61538462
Fri Apr 12 03:50:17 2019,83.33333333799999
Fri Apr 12 03:51:17 2019,84.61538462
Fri Apr 12 03:52:17 2019,84.61538462
Fri Apr 12 03:53:17 2019,83.33333333799999
Fri Apr 12 03:54:17 2019,84.61538462
Fri Apr 12 03:55:17 2019,84.61538462
Fri Apr 12 03:56:17 2019,83.33333333799999
Fri Apr 12 03:57:18 2019,84.61538462
Fri Apr 12 03:58:18 2019,84.61538462
Fri Apr 12 03:59:18 2019,84.61538462
Fri Apr 12 04:00:18 2019,84.61538462
Fri Apr 12 04:01:18 2019,83.33333333799999
Fri Apr 12 04:02:18 2019,84.61538462
Fri Apr 12 04:03:18 2019,84.61538462
Fri Apr 12 04:04:18 2019,84.61538462
Fri Apr 12 04:05:18 2019,83.33333333799999
Fri Apr 12 04:06:18 2019,83.33333333799999
Fri Apr 12 04:07:18 2019,84.61538462
Fri Apr 12 04:08:18 2019,84.61538462
Fri Apr 12 04:09:18 2019,83.33333333799999
Fri Apr 12 04:10:18 2019,84.61538462
Fri Apr 12 04:11:18 2019,84.61538462
Fri Apr 12 04:12:18 2019,84.61538462
Fri Apr 12 04:13:19 2019,84.61538462
Fri Apr 12 04:14:19 2019,84.61538462
Fri Apr 12 04:15:19 2019,83.33333333799999
Fri Apr 12 04:16:19 2019,84.61538462
Fri Apr 12 04:17:19 2019,84.61538462
Fri Apr 12 04:18:19 2019,83.33333333799999
Fri Apr 12 04:19:19 2019,84.61538462
Fri Apr 12 04:20:19 2019,84.61538462
Fri Apr 12 04:21:19 2019,84.61538462
Fri Apr 12 04:22:19 2019,84.61538462
Fri Apr 12 04:23:19 2019,84.61538462
Fri Apr 12 04:24:19 2019,84.61538462
Fri Apr 12 04:25:19 2019,84.61538462
Fri Apr 12 04:26:20 2019,84.61538462
Fri Apr 12 04:27:20 2019,84.61538462
Fri Apr 12 04:28:20 2019,84.61538462
Fri Apr 12 04:29:20 2019,83.33333333799999
Fri Apr 12 04:30:20 2019,84.61538462
Fri Apr 12 04:31:20 2019,84.61538462
Fri Apr 12 04:32:20 2019,84.61538462
Fri Apr 12 04:33:20 2019,84.61538462
Fri Apr 12 04:34:20 2019,84.61538462
Fri Apr 12 04:35:20 2019,84.61538462
Fri Apr 12 04:36:20 2019,84.61538462
Fri Apr 12 04:37:20 2019,84.61538462
Fri Apr 12 04:38:20 2019,84.61538462
Fri Apr 12 04:39:20 2019,84.61538462
Fri Apr 12 04:40:21 2019,84.61538462
Fri Apr 12 04:41:21 2019,83.33333333799999
Fri Apr 12 04:42:21 2019,84.61538462
Fri Apr 12 04:43:21 2019,84.61538462
Fri Apr 12 04:44:21 2019,84.61538462
Fri Apr 12 04:45:21 2019,84.61538462
Fri Apr 12 04:46:21 2019,83.33333333799999
Fri Apr 12 04:47:21 2019,84.61538462
Fri Apr 12 04:48:21 2019,83.33333333799999
Fri Apr 12 04:49:21 2019,84.61538462
Fri Apr 12 04:50:22 2019,84.61538462
Fri Apr 12 04:51:22 2019,84.61538462
Fri Apr 12 04:52:22 2019,84.61538462
Fri Apr 12 04:53:22 2019,84.61538462
Fri Apr 12 04:54:22 2019,83.33333333799999
Fri Apr 12 04:55:22 2019,84.61538462
Fri Apr 12 04:56:22 2019,84.61538462
Fri Apr 12 04:57:22 2019,84.61538462
Fri Apr 12 04:58:22 2019,83.33333333799999
Fri Apr 12 04:59:22 2019,84.61538462
Fri Apr 12 05:00:22 2019,84.61538462
Fri Apr 12 05:01:22 2019,84.61538462
Fri Apr 12 05:02:23 2019,84.61538462
Fri Apr 12 05:03:23 2019,84.61538462
Fri Apr 12 05:04:23 2019,84.61538462
Fri Apr 12 05:05:23 2019,83.33333333799999
Fri Apr 12 05:06:23 2019,83.33333333799999
Fri Apr 12 05:07:23 2019,84.61538462
Fri Apr 12 05:08:23 2019,83.33333333799999
Fri Apr 12 05:09:23 2019,84.61538462
Fri Apr 12 05:10:23 2019,83.33333333799999
Fri Apr 12 05:11:23 2019,83.33333333799999
Fri Apr 12 05:12:23 2019,83.33333333799999
Fri Apr 12 05:13:23 2019,84.61538462
Fri Apr 12 05:14:23 2019,83.33333333799999
Fri Apr 12 05:15:23 2019,83.33333333799999
Fri Apr 12 05:16:23 2019,84.61538462
Fri Apr 12 05:17:24 2019,84.61538462
Fri Apr 12 05:18:24 2019,84.61538462
Fri Apr 12 05:19:24 2019,84.61538462
Fri Apr 12 05:20:24 2019,84.61538462
Fri Apr 12 05:21:24 2019,83.33333333799999
Fri Apr 12 05:22:24 2019,84.61538462
Fri Apr 12 05:23:24 2019,84.61538462
Fri Apr 12 05:24:24 2019,84.61538462
Fri Apr 12 05:25:24 2019,84.61538462
Fri Apr 12 05:26:24 2019,83.33333333799999
Fri Apr 12 05:27:24 2019,84.61538462
Fri Apr 12 05:28:24 2019,83.33333333799999
Fri Apr 12 05:29:24 2019,84.61538462
Fri Apr 12 05:30:25 2019,84.61538462
Fri Apr 12 05:31:25 2019,84.61538462
Fri Apr 12 05:32:25 2019,84.61538462
Fri Apr 12 05:33:25 2019,83.33333333799999
Fri Apr 12 05:34:25 2019,83.33333333799999
Fri Apr 12 05:35:25 2019,83.33333333799999
Fri Apr 12 05:36:25 2019,83.33333333799999
Fri Apr 12 05:37:25 2019,84.61538462
Fri Apr 12 05:38:25 2019,84.61538462
Fri Apr 12 05:39:25 2019,84.61538462
Fri Apr 12 05:40:25 2019,84.61538462
Fri Apr 12 05:41:25 2019,84.61538462
Fri Apr 12 05:42:25 2019,84.61538462
Fri Apr 12 05:43:26 2019,83.33333333799999
Fri Apr 12 05:44:26 2019,84.61538462
Fri Apr 12 05:45:26 2019,84.61538462
Fri Apr 12 05:46:26 2019,84.61538462
Fri Apr 12 05:47:26 2019,84.61538462
Fri Apr 12 05:48:26 2019,83.33333333799999
Fri Apr 12 05:49:26 2019,84.61538462
Fri Apr 12 05:50:26 2019,84.61538462
Fri Apr 12 05:51:26 2019,84.61538462
Fri Apr 12 05:52:26 2019,84.61538462
Fri Apr 12 05:53:26 2019,84.61538462
Fri Apr 12 05:54:26 2019,83.33333333799999
Fri Apr 12 05:55:26 2019,84.61538462
Fri Apr 12 05:56:27 2019,84.61538462
Fri Apr 12 05:57:27 2019,84.61538462
Fri Apr 12 05:58:27 2019,84.61538462
Fri Apr 12 05:59:27 2019,84.61538462
Fri Apr 12 06:00:27 2019,84.61538462
Fri Apr 12 06:01:27 2019,84.61538462
Fri Apr 12 06:02:27 2019,84.61538462
Fri Apr 12 06:03:27 2019,84.61538462
Fri Apr 12 06:04:27 2019,84.61538462
Fri Apr 12 06:05:27 2019,84.61538462
Fri Apr 12 06:06:27 2019,84.61538462
Fri Apr 12 06:07:27 2019,83.33333333799999
Fri Apr 12 06:08:27 2019,83.33333333799999
Fri Apr 12 06:09:27 2019,83.33333333799999
Fri Apr 12 06:10:27 2019,84.61538462
Fri Apr 12 06:11:27 2019,84.61538462
Fri Apr 12 06:12:27 2019,84.61538462
Fri Apr 12 06:13:28 2019,84.61538462
Fri Apr 12 06:14:28 2019,84.61538462
Fri Apr 12 06:15:28 2019,84.61538462
Fri Apr 12 06:16:28 2019,84.61538462
Fri Apr 12 06:17:28 2019,84.61538462
Fri Apr 12 06:18:28 2019,84.61538462
Fri Apr 12 06:19:28 2019,84.61538462
Fri Apr 12 06:20:28 2019,84.61538462
Fri Apr 12 06:21:28 2019,84.61538462
Fri Apr 12 06:22:28 2019,84.61538462
Fri Apr 12 06:23:28 2019,84.61538462
Fri Apr 12 06:24:28 2019,84.61538462
Fri Apr 12 06:25:28 2019,83.33333333799999
Fri Apr 12 06:26:28 2019,84.61538462
Fri Apr 12 06:27:28 2019,84.61538462
Fri Apr 12 06:28:29 2019,84.61538462
Fri Apr 12 06:29:29 2019,83.33333333799999
Fri Apr 12 06:30:29 2019,84.61538462
Fri Apr 12 06:31:29 2019,84.61538462
Fri Apr 12 06:32:29 2019,83.33333333799999
Fri Apr 12 06:33:29 2019,84.61538462
Fri Apr 12 06:34:29 2019,83.33333333799999
Fri Apr 12 06:35:29 2019,84.61538462
Fri Apr 12 06:36:29 2019,84.61538462
Fri Apr 12 06:37:29 2019,84.61538462
Fri Apr 12 06:38:29 2019,83.33333333799999
Fri Apr 12 06:39:29 2019,84.61538462
Fri Apr 12 06:40:29 2019,83.33333333799999
Fri Apr 12 06:41:29 2019,83.33333333799999
Fri Apr 12 06:42:30 2019,83.33333333799999
Fri Apr 12 06:43:30 2019,82.05128205599999
Fri Apr 12 06:44:30 2019,84.61538462
Fri Apr 12 06:45:30 2019,83.33333333799999
Fri Apr 12 06:46:30 2019,83.33333333799999
Fri Apr 12 06:47:30 2019,84.61538462
Fri Apr 12 06:48:30 2019,83.33333333799999
Fri Apr 12 06:49:30 2019,83.33333333799999
Fri Apr 12 06:50:31 2019,83.33333333799999
Fri Apr 12 06:51:31 2019,82.05128205599999
Fri Apr 12 06:52:31 2019,83.33333333799999
Fri Apr 12 06:53:31 2019,83.33333333799999
Fri Apr 12 06:54:31 2019,83.33333333799999
Fri Apr 12 06:55:31 2019,84.61538462
Fri Apr 12 06:56:31 2019,83.33333333799999
Fri Apr 12 06:57:31 2019,83.33333333799999
Fri Apr 12 06:58:31 2019,84.61538462
Fri Apr 12 06:59:31 2019,83.33333333799999
Fri Apr 12 07:00:31 2019,83.33333333799999
Fri Apr 12 07:01:31 2019,84.61538462
Fri Apr 12 07:02:31 2019,84.61538462
Fri Apr 12 07:03:32 2019,84.61538462
Fri Apr 12 07:04:32 2019,83.33333333799999
Fri Apr 12 07:05:32 2019,84.61538462
Fri Apr 12 07:06:32 2019,83.33333333799999
Fri Apr 12 07:07:32 2019,83.33333333799999
Fri Apr 12 07:08:32 2019,83.33333333799999
Fri Apr 12 07:09:32 2019,83.33333333799999
Fri Apr 12 07:10:32 2019,84.61538462
Fri Apr 12 07:11:32 2019,84.61538462
Fri Apr 12 07:12:32 2019,84.61538462
Fri Apr 12 07:13:32 2019,84.61538462
Fri Apr 12 07:14:32 2019,83.33333333799999
Fri Apr 12 07:15:32 2019,84.61538462
Fri Apr 12 07:16:33 2019,84.61538462
Fri Apr 12 07:17:33 2019,84.61538462
Fri Apr 12 07:18:33 2019,84.61538462
Fri Apr 12 07:19:33 2019,83.33333333799999
Fri Apr 12 07:20:33 2019,84.61538462
Fri Apr 12 07:21:33 2019,83.33333333799999
Fri Apr 12 07:22:33 2019,84.61538462
Fri Apr 12 07:23:33 2019,83.33333333799999
Fri Apr 12 07:24:33 2019,84.61538462
Fri Apr 12 07:25:33 2019,84.61538462
Fri Apr 12 07:26:33 2019,84.61538462
Fri Apr 12 07:27:33 2019,84.61538462
Fri Apr 12 07:28:33 2019,83.33333333799999
Fri Apr 12 07:29:33 2019,83.33333333799999
Fri Apr 12 07:30:34 2019,84.61538462
Fri Apr 12 07:31:34 2019,84.61538462
Fri Apr 12 07:32:34 2019,83.33333333799999
Fri Apr 12 07:33:34 2019,84.61538462
Fri Apr 12 07:34:34 2019,83.33333333799999
Fri Apr 12 07:35:34 2019,84.61538462
Fri Apr 12 07:36:34 2019,83.33333333799999
Fri Apr 12 07:37:34 2019,84.61538462
Fri Apr 12 07:38:34 2019,84.61538462
Fri Apr 12 07:39:34 2019,83.33333333799999
Fri Apr 12 07:40:34 2019,83.33333333799999
Fri Apr 12 07:41:34 2019,84.61538462
Fri Apr 12 07:42:34 2019,84.61538462
Fri Apr 12 07:43:34 2019,84.61538462
Fri Apr 12 07:44:35 2019,84.61538462
Fri Apr 12 07:45:35 2019,84.61538462
Fri Apr 12 07:46:35 2019,83.33333333799999
Fri Apr 12 07:47:35 2019,84.61538462
Fri Apr 12 07:48:35 2019,83.33333333799999
Fri Apr 12 07:49:35 2019,84.61538462
Fri Apr 12 07:50:35 2019,83.33333333799999
Fri Apr 12 07:51:35 2019,83.33333333799999
Fri Apr 12 07:52:36 2019,84.61538462
Fri Apr 12 07:53:36 2019,83.33333333799999
Fri Apr 12 07:54:36 2019,84.61538462
Fri Apr 12 07:55:36 2019,84.61538462
Fri Apr 12 07:56:36 2019,83.33333333799999
Fri Apr 12 07:57:36 2019,84.61538462
Fri Apr 12 07:58:36 2019,84.61538462
Fri Apr 12 07:59:36 2019,84.61538462
Fri Apr 12 08:00:36 2019,84.61538462
Fri Apr 12 08:01:36 2019,84.61538462
Fri Apr 12 08:02:36 2019,84.61538462
Fri Apr 12 08:03:36 2019,84.61538462
Fri Apr 12 08:04:36 2019,84.61538462
Fri Apr 12 08:05:36 2019,84.61538462
Fri Apr 12 08:06:37 2019,84.61538462
Fri Apr 12 08:07:37 2019,84.61538462
Fri Apr 12 08:08:37 2019,84.61538462
Fri Apr 12 08:09:37 2019,84.61538462
Fri Apr 12 08:10:37 2019,84.61538462
Fri Apr 12 08:11:37 2019,84.61538462
Fri Apr 12 08:12:37 2019,84.61538462
Fri Apr 12 08:13:37 2019,84.61538462
Fri Apr 12 08:14:37 2019,84.61538462
Fri Apr 12 08:15:37 2019,84.61538462
Fri Apr 12 08:16:37 2019,84.61538462
Fri Apr 12 08:17:37 2019,84.61538462
Fri Apr 12 08:18:38 2019,83.33333333799999
Fri Apr 12 08:19:38 2019,84.61538462
Fri Apr 12 08:20:38 2019,84.61538462
Fri Apr 12 08:21:38 2019,84.61538462
Fri Apr 12 08:22:38 2019,83.33333333799999
Fri Apr 12 08:23:38 2019,83.33333333799999
Fri Apr 12 08:24:38 2019,84.61538462
Fri Apr 12 08:25:38 2019,84.61538462
Fri Apr 12 08:26:38 2019,83.33333333799999
Fri Apr 12 08:27:38 2019,84.61538462
Fri Apr 12 08:28:38 2019,84.61538462
Fri Apr 12 08:29:38 2019,84.61538462
Fri Apr 12 08:30:38 2019,84.61538462
Fri Apr 12 08:31:38 2019,84.61538462
Fri Apr 12 08:32:38 2019,84.61538462
Fri Apr 12 08:33:39 2019,84.61538462
Fri Apr 12 08:34:39 2019,84.61538462
Fri Apr 12 08:35:39 2019,84.61538462
Fri Apr 12 08:36:39 2019,84.61538462
Fri Apr 12 08:37:40 2019,84.61538462
Fri Apr 12 08:38:40 2019,84.61538462
Fri Apr 12 08:39:40 2019,84.61538462
Fri Apr 12 08:40:40 2019,84.61538462
Fri Apr 12 08:41:40 2019,84.61538462
Fri Apr 12 08:42:40 2019,84.61538462
Fri Apr 12 08:43:40 2019,84.61538462
Fri Apr 12 08:44:40 2019,84.61538462
Fri Apr 12 08:45:40 2019,84.61538462
Fri Apr 12 08:46:40 2019,83.33333333799999
Fri Apr 12 08:47:40 2019,84.61538462
Fri Apr 12 08:48:40 2019,85.897435902
Fri Apr 12 08:49:40 2019,85.897435902
Fri Apr 12 08:50:40 2019,85.897435902
Fri Apr 12 08:51:41 2019,85.897435902
Fri Apr 12 08:52:41 2019,85.897435902
Fri Apr 12 08:53:41 2019,85.897435902
Fri Apr 12 08:54:41 2019,83.33333333799999
Fri Apr 12 08:55:41 2019,83.33333333799999
Fri Apr 12 08:56:41 2019,83.33333333799999
Fri Apr 12 08:57:41 2019,83.33333333799999
Fri Apr 12 08:58:41 2019,83.33333333799999
Fri Apr 12 08:59:41 2019,84.61538462
Fri Apr 12 09:00:41 2019,83.33333333799999
Fri Apr 12 09:01:41 2019,83.33333333799999
Fri Apr 12 09:02:41 2019,83.33333333799999
Fri Apr 12 12:04:13 2019,82.05128205599999
Fri Apr 12 12:35:30 2019,84.61538462
Fri Apr 12 12:36:30 2019,83.33333333799999
Fri Apr 12 12:37:31 2019,83.33333333799999
Fri Apr 12 12:38:31 2019,83.33333333799999
Fri Apr 12 12:39:31 2019,82.05128205599999
Fri Apr 12 12:40:31 2019,83.33333333799999
Fri Apr 12 13:46:10 2019,84.61538462
Fri Apr 12 13:46:21 2019,85.897435902
Fri Apr 12 13:47:08 2019,84.61538462
Fri Apr 12 14:57:53 2019,89.74358974799999
Fri Apr 12 14:58:41 2019,89.74358974799999
Fri Apr 12 14:58:45 2019,91.02564102999999
Fri Apr 12 14:58:49 2019,89.74358974799999
Fri Apr 12 14:58:53 2019,91.02564102999999
Fri Apr 12 14:58:58 2019,89.74358974799999
Fri Apr 12 15:00:02 2019,89.74358974799999
Fri Apr 12 15:00:06 2019,89.74358974799999
Fri Apr 12 15:00:11 2019,89.74358974799999
Fri Apr 12 15:00:15 2019,89.74358974799999
Fri Apr 12 15:00:19 2019,89.74358974799999
Fri Apr 12 15:00:24 2019,89.74358974799999
Fri Apr 12 15:00:28 2019,89.74358974799999
Fri Apr 12 15:00:33 2019,89.74358974799999
Fri Apr 12 15:00:37 2019,89.74358974799999
Fri Apr 12 15:00:41 2019,89.74358974799999
Fri Apr 12 15:00:46 2019,91.02564102999999
Fri Apr 12 15:00:50 2019,89.74358974799999
Fri Apr 12 15:09:10 2019,88.461538466
Fri Apr 12 15:10:13 2019,84.61538462
Fri Apr 12 15:11:15 2019,85.897435902
Fri Apr 12 15:12:17 2019,67.94871795399999
Fri Apr 12 15:13:20 2019,37.17948718599999
Fri Apr 12 15:14:22 2019,33.333333339999996
Fri Apr 12 15:15:25 2019,32.051282058
Fri Apr 12 15:16:27 2019,30.769230776
Fri Apr 12 15:17:30 2019,29.487179494000003
Fri Apr 12 15:18:32 2019,30.769230776
Fri Apr 12 15:19:35 2019,34.61538462199999
Fri Apr 12 15:20:37 2019,34.61538462199999
Fri Apr 12 15:21:40 2019,32.051282058
Fri Apr 12 15:22:42 2019,32.051282058
Fri Apr 12 15:23:45 2019,33.333333339999996
Fri Apr 12 15:24:48 2019,34.61538462199999
Fri Apr 12 15:25:50 2019,34.61538462199999
Fri Apr 12 15:26:53 2019,34.61538462199999
Fri Apr 12 15:27:55 2019,34.61538462199999
Fri Apr 12 15:28:58 2019,34.61538462199999
Fri Apr 12 15:30:00 2019,35.89743590399999
Fri Apr 12 15:31:03 2019,35.89743590399999
Fri Apr 12 15:32:06 2019,34.61538462199999
Fri Apr 12 15:33:13 2019,35.89743590399999
Fri Apr 12 15:34:19 2019,34.61538462199999
Fri Apr 12 15:35:22 2019,35.89743590399999
Fri Apr 12 15:36:26 2019,96.153846158
Fri Apr 12 15:37:35 2019,96.153846158
Fri Apr 12 15:38:43 2019,97.43589743999999
Fri Apr 12 15:39:49 2019,96.153846158
Fri Apr 12 15:40:56 2019,97.43589743999999
Fri Apr 12 15:42:03 2019,97.43589743999999
Fri Apr 12 15:43:09 2019,97.43589743999999
Fri Apr 12 15:44:13 2019,97.43589743999999
Fri Apr 12 15:45:16 2019,96.153846158
Fri Apr 12 15:46:18 2019,96.153846158
Fri Apr 12 15:47:21 2019,96.153846158
Fri Apr 12 15:48:25 2019,97.43589743999999
Fri Apr 12 15:49:29 2019,97.43589743999999
Fri Apr 12 15:50:36 2019,39.743589749999984
Fri Apr 12 15:51:43 2019,85.897435902
Sat Apr 13 13:50:15 2019,85.897435902
Sat Apr 13 13:51:18 2019,84.61538462
Sat Apr 13 13:52:20 2019,87.179487184
Sat Apr 13 13:53:23 2019,85.897435902
Sat Apr 13 13:54:25 2019,85.897435902
Sat Apr 13 13:55:28 2019,85.897435902
Sat Apr 13 13:57:09 2019,85.897435902
Sat Apr 13 13:58:12 2019,84.61538462
Sat Apr 13 13:59:14 2019,85.897435902
Sat Apr 13 14:00:16 2019,85.897435902
Sat Apr 13 14:01:19 2019,85.897435902
Sat Apr 13 14:02:21 2019,85.897435902
Sat Apr 13 14:03:24 2019,85.897435902
Sat Apr 13 14:04:26 2019,85.897435902
Sat Apr 13 14:05:29 2019,85.897435902
Sat Apr 13 14:06:31 2019,85.897435902
Sat Apr 13 14:07:34 2019,85.897435902
Sat Apr 13 14:08:36 2019,85.897435902
Sat Apr 13 14:09:39 2019,85.897435902
Sat Apr 13 14:10:41 2019,85.897435902
Sat Apr 13 14:11:44 2019,85.897435902
Sat Apr 13 14:12:46 2019,85.897435902
Sat Apr 13 14:13:48 2019,85.897435902
Sat Apr 13 14:14:51 2019,87.179487184
Sat Apr 13 14:15:53 2019,87.179487184
Sat Apr 13 14:16:56 2019,84.61538462
Sat Apr 13 14:17:58 2019,87.179487184
Sat Apr 13 14:19:02 2019,-8.974358966000011
Sat Apr 13 16:33:54 2019,88.461538466
Sat Apr 13 16:34:57 2019,-14.102564094000002
Sat Apr 13 16:35:59 2019,82.05128205599999
Sat Apr 13 16:37:02 2019,82.05128205599999
Sat Apr 13 16:38:04 2019,82.05128205599999
Sat Apr 13 16:39:07 2019,82.05128205599999
Sat Apr 13 16:40:09 2019,83.33333333799999
Mon Apr 15 09:23:08 2019,83.33333333799999
Mon Apr 15 11:55:53 2019,19.230769237999993
Mon Apr 15 13:03:12 2019,19.230769237999993
Mon Apr 15 13:04:15 2019,20.51282051999999
Mon Apr 15 13:05:18 2019,20.51282051999999
Mon Apr 15 13:06:22 2019,19.230769237999993
Mon Apr 15 13:07:25 2019,20.51282051999999
Mon Apr 15 13:08:29 2019,20.51282051999999
Mon Apr 15 13:09:32 2019,20.51282051999999
Mon Apr 15 13:10:36 2019,20.51282051999999
Mon Apr 15 13:11:39 2019,20.51282051999999
Mon Apr 15 13:12:43 2019,20.51282051999999
Mon Apr 15 13:13:46 2019,20.51282051999999
Mon Apr 15 13:14:49 2019,20.51282051999999
Mon Apr 15 13:15:53 2019,20.51282051999999
Mon Apr 15 13:16:56 2019,20.51282051999999
Mon Apr 15 13:18:00 2019,20.51282051999999
Mon Apr 15 13:19:03 2019,19.230769237999993
Mon Apr 15 13:20:07 2019,19.230769237999993
Mon Apr 15 13:21:10 2019,17.948717955999996
Mon Apr 15 13:22:14 2019,19.230769237999993
Mon Apr 15 13:23:17 2019,19.230769237999993
Mon Apr 15 13:24:20 2019,20.51282051999999
Mon Apr 15 13:25:24 2019,19.230769237999993
Mon Apr 15 13:26:27 2019,20.51282051999999
Mon Apr 15 13:27:31 2019,20.51282051999999
Mon Apr 15 13:28:34 2019,20.51282051999999
Mon Apr 15 13:29:38 2019,19.230769237999993
Mon Apr 15 13:30:41 2019,20.51282051999999
Mon Apr 15 13:31:45 2019,19.230769237999993
Mon Apr 15 13:32:48 2019,20.51282051999999
Mon Apr 15 13:33:51 2019,17.948717955999996
Mon Apr 15 13:34:55 2019,20.51282051999999
Mon Apr 15 13:35:58 2019,20.51282051999999
Mon Apr 15 13:37:02 2019,19.230769237999993
Mon Apr 15 13:38:05 2019,19.230769237999993
Mon Apr 15 13:39:09 2019,20.51282051999999
Mon Apr 15 13:40:12 2019,20.51282051999999
Mon Apr 15 13:41:16 2019,19.230769237999993
Mon Apr 15 13:42:19 2019,20.51282051999999
Mon Apr 15 13:43:22 2019,20.51282051999999
Mon Apr 15 13:44:26 2019,20.51282051999999
Mon Apr 15 13:45:29 2019,20.51282051999999
Mon Apr 15 13:46:33 2019,17.948717955999996
Mon Apr 15 13:47:37 2019,19.230769237999993
Mon Apr 15 13:48:40 2019,17.948717955999996
Mon Apr 15 13:49:44 2019,19.230769237999993
Mon Apr 15 13:50:47 2019,19.230769237999993
Mon Apr 15 13:51:50 2019,19.230769237999993
Mon Apr 15 13:52:54 2019,19.230769237999993
Mon Apr 15 13:53:57 2019,20.51282051999999
Mon Apr 15 13:55:01 2019,19.230769237999993
Mon Apr 15 13:56:04 2019,20.51282051999999
Mon Apr 15 13:57:08 2019,19.230769237999993
Mon Apr 15 13:58:11 2019,19.230769237999993
Mon Apr 15 13:59:14 2019,20.51282051999999
Mon Apr 15 14:00:18 2019,20.51282051999999
Mon Apr 15 14:01:21 2019,17.948717955999996
Mon Apr 15 14:02:25 2019,20.51282051999999
Mon Apr 15 14:03:28 2019,20.51282051999999
Mon Apr 15 14:04:32 2019,-64.10256409200002
Mon Apr 15 14:05:35 2019,20.51282051999999
Mon Apr 15 14:06:39 2019,20.51282051999999
Mon Apr 15 14:07:42 2019,20.51282051999999
Mon Apr 15 14:08:45 2019,17.948717955999996
Mon Apr 15 14:09:49 2019,20.51282051999999
Mon Apr 15 14:10:52 2019,20.51282051999999
Mon Apr 15 14:11:56 2019,17.948717955999996
Mon Apr 15 14:12:59 2019,20.51282051999999
Mon Apr 15 14:14:03 2019,20.51282051999999
Mon Apr 15 14:15:06 2019,19.230769237999993
Mon Apr 15 14:16:10 2019,20.51282051999999
Mon Apr 15 14:17:13 2019,20.51282051999999
Mon Apr 15 14:18:17 2019,20.51282051999999
Mon Apr 15 14:19:20 2019,20.51282051999999
Mon Apr 15 14:20:23 2019,20.51282051999999
Mon Apr 15 14:21:27 2019,20.51282051999999
Mon Apr 15 14:22:30 2019,17.948717955999996
Mon Apr 15 14:23:34 2019,20.51282051999999
Mon Apr 15 14:24:37 2019,20.51282051999999
Mon Apr 15 14:25:41 2019,20.51282051999999
Mon Apr 15 14:26:44 2019,17.948717955999996
Mon Apr 15 14:27:47 2019,20.51282051999999
Mon Apr 15 14:28:51 2019,20.51282051999999
Mon Apr 15 14:29:54 2019,19.230769237999993
Mon Apr 15 14:30:58 2019,20.51282051999999
Mon Apr 15 14:32:01 2019,20.51282051999999
Mon Apr 15 14:33:05 2019,20.51282051999999
Mon Apr 15 14:34:08 2019,20.51282051999999
Mon Apr 15 14:35:13 2019,20.51282051999999
Mon Apr 15 14:36:16 2019,20.51282051999999
Mon Apr 15 14:37:20 2019,20.51282051999999
Mon Apr 15 14:38:23 2019,20.51282051999999
Mon Apr 15 14:39:27 2019,20.51282051999999
Mon Apr 15 14:40:30 2019,20.51282051999999
Mon Apr 15 14:41:34 2019,20.51282051999999
Mon Apr 15 14:42:37 2019,20.51282051999999
Mon Apr 15 14:43:41 2019,20.51282051999999
Mon Apr 15 14:44:44 2019,20.51282051999999
Mon Apr 15 14:45:47 2019,20.51282051999999
Mon Apr 15 14:46:51 2019,20.51282051999999
Mon Apr 15 14:47:54 2019,20.51282051999999
Mon Apr 15 18:16:02 2019,26.92307692999998
Mon Apr 15 18:17:06 2019,21.79487180199999
Mon Apr 15 18:18:09 2019,23.076923083999986
Mon Apr 15 18:19:12 2019,23.076923083999986
Mon Apr 15 18:20:16 2019,23.076923083999986
Mon Apr 15 18:21:19 2019,23.076923083999986
Mon Apr 15 18:22:23 2019,23.076923083999986
Mon Apr 15 18:23:27 2019,23.076923083999986
Mon Apr 15 18:24:31 2019,23.076923083999986
Mon Apr 15 18:25:34 2019,24.358974365999984
Mon Apr 15 18:26:38 2019,24.358974365999984
Mon Apr 15 18:27:41 2019,24.358974365999984
Mon Apr 15 18:28:44 2019,25.64102564799998
Mon Apr 15 18:29:48 2019,24.358974365999984
Mon Apr 15 18:30:51 2019,24.358974365999984
Mon Apr 15 18:31:55 2019,24.358974365999984
Mon Apr 15 18:32:58 2019,24.358974365999984
Mon Apr 15 18:34:02 2019,24.358974365999984
Mon Apr 15 18:35:05 2019,24.358974365999984
Mon Apr 15 18:36:09 2019,24.358974365999984
Mon Apr 15 18:37:12 2019,24.358974365999984
Mon Apr 15 18:38:16 2019,24.358974365999984
Mon Apr 15 18:39:19 2019,24.358974365999984
Mon Apr 15 18:40:22 2019,24.358974365999984
Mon Apr 15 18:41:26 2019,24.358974365999984
Mon Apr 15 18:42:29 2019,24.358974365999984
Mon Apr 15 18:43:33 2019,24.358974365999984
Mon Apr 15 18:44:36 2019,24.358974365999984
Mon Apr 15 18:45:40 2019,24.358974365999984
Mon Apr 15 18:46:43 2019,24.358974365999984
Mon Apr 15 18:47:47 2019,24.358974365999984
Mon Apr 15 18:48:50 2019,24.358974365999984
Mon Apr 15 18:49:54 2019,24.358974365999984
Mon Apr 15 18:50:57 2019,24.358974365999984
Mon Apr 15 18:52:00 2019,24.358974365999984
Mon Apr 15 18:53:04 2019,24.358974365999984
Mon Apr 15 18:54:07 2019,24.358974365999984
Mon Apr 15 18:55:11 2019,24.358974365999984
Mon Apr 15 18:56:14 2019,24.358974365999984
Mon Apr 15 18:57:18 2019,23.076923083999986
Mon Apr 15 18:58:21 2019,24.358974365999984
Mon Apr 15 18:59:24 2019,21.79487180199999
Mon Apr 15 19:00:28 2019,24.358974365999984
Mon Apr 15 19:01:31 2019,24.358974365999984
Mon Apr 15 19:02:35 2019,24.358974365999984
Mon Apr 15 19:03:38 2019,24.358974365999984
Mon Apr 15 19:04:42 2019,24.358974365999984
Mon Apr 15 19:05:45 2019,24.358974365999984
Mon Apr 15 19:06:49 2019,24.358974365999984
Mon Apr 15 19:07:52 2019,24.358974365999984
Mon Apr 15 19:08:55 2019,24.358974365999984
Mon Apr 15 19:09:59 2019,24.358974365999984
Mon Apr 15 19:11:02 2019,24.358974365999984
Mon Apr 15 19:12:06 2019,24.358974365999984
Mon Apr 15 19:13:09 2019,23.076923083999986
Mon Apr 15 19:14:13 2019,24.358974365999984
Mon Apr 15 19:15:16 2019,24.358974365999984
Mon Apr 15 19:16:20 2019,24.358974365999984
Mon Apr 15 19:17:23 2019,24.358974365999984
Mon Apr 15 19:18:26 2019,24.358974365999984
Mon Apr 15 19:19:30 2019,24.358974365999984
Mon Apr 15 19:20:33 2019,24.358974365999984
Mon Apr 15 19:21:37 2019,21.79487180199999
Mon Apr 15 19:22:40 2019,24.358974365999984
Mon Apr 15 19:23:44 2019,24.358974365999984
Mon Apr 15 19:24:47 2019,24.358974365999984
Mon Apr 15 19:25:51 2019,24.358974365999984
Mon Apr 15 19:26:54 2019,24.358974365999984
Mon Apr 15 19:27:58 2019,24.358974365999984
Mon Apr 15 19:29:01 2019,24.358974365999984
Mon Apr 15 19:30:04 2019,24.358974365999984
Mon Apr 15 19:31:08 2019,24.358974365999984
Mon Apr 15 19:32:11 2019,24.358974365999984
Mon Apr 15 19:33:15 2019,24.358974365999984
Mon Apr 15 19:34:18 2019,24.358974365999984
Mon Apr 15 19:35:22 2019,23.076923083999986
Mon Apr 15 19:36:25 2019,24.358974365999984
Mon Apr 15 19:37:29 2019,24.358974365999984
Mon Apr 15 19:38:32 2019,24.358974365999984
Tue Apr 16 11:28:38 2019,26.92307692999998
Tue Apr 16 11:29:41 2019,23.076923083999986
Tue Apr 16 11:30:45 2019,23.076923083999986
Tue Apr 16 11:31:48 2019,23.076923083999986
Tue Apr 16 11:32:52 2019,21.79487180199999
Tue Apr 16 11:33:55 2019,21.79487180199999
Tue Apr 16 11:34:59 2019,17.948717955999996
Tue Apr 16 11:36:02 2019,20.51282051999999
Tue Apr 16 11:37:06 2019,20.51282051999999
Tue Apr 16 11:38:09 2019,19.230769237999993
Tue Apr 16 11:39:13 2019,19.230769237999993
Tue Apr 16 11:40:16 2019,20.51282051999999
Tue Apr 16 11:41:20 2019,20.51282051999999
Tue Apr 16 11:42:24 2019,21.79487180199999
Tue Apr 16 11:43:27 2019,19.230769237999993
Tue Apr 16 11:44:31 2019,21.79487180199999
Tue Apr 16 11:45:35 2019,21.79487180199999
Tue Apr 16 11:46:38 2019,20.51282051999999
Tue Apr 16 11:47:42 2019,21.79487180199999
Tue Apr 16 11:48:45 2019,21.79487180199999
Tue Apr 16 11:49:50 2019,21.79487180199999
Tue Apr 16 11:51:04 2019,21.79487180199999
Tue Apr 16 11:55:04 2019,32.051282058
Tue Apr 16 11:56:14 2019,34.61538462199999
Tue Apr 16 11:57:17 2019,35.89743590399999
Tue Apr 16 11:58:21 2019,35.89743590399999
Tue Apr 16 11:59:24 2019,35.89743590399999
Tue Apr 16 12:00:28 2019,35.89743590399999
Tue Apr 16 12:01:31 2019,35.89743590399999
Tue Apr 16 12:02:35 2019,35.89743590399999
Tue Apr 16 12:03:38 2019,35.89743590399999
Tue Apr 16 12:04:42 2019,35.89743590399999
Tue Apr 16 12:05:45 2019,35.89743590399999
Tue Apr 16 12:06:49 2019,35.89743590399999
Tue Apr 16 12:07:52 2019,35.89743590399999
Tue Apr 16 12:08:56 2019,35.89743590399999
Tue Apr 16 12:09:59 2019,35.89743590399999
Tue Apr 16 12:11:03 2019,35.89743590399999
Tue Apr 16 12:12:06 2019,35.89743590399999
Tue Apr 16 12:13:10 2019,35.89743590399999
Tue Apr 16 12:14:13 2019,35.89743590399999
Tue Apr 16 12:15:17 2019,34.61538462199999
Tue Apr 16 12:16:20 2019,35.89743590399999
Tue Apr 16 12:17:24 2019,35.89743590399999
Tue Apr 16 12:18:27 2019,35.89743590399999
Tue Apr 16 12:19:31 2019,35.89743590399999
Tue Apr 16 12:20:34 2019,34.61538462199999
Tue Apr 16 12:21:38 2019,35.89743590399999
Tue Apr 16 12:22:42 2019,35.89743590399999
Tue Apr 16 12:23:48 2019,35.89743590399999
Tue Apr 16 12:24:53 2019,35.89743590399999
Tue Apr 16 12:26:02 2019,35.89743590399999
Tue Apr 16 12:27:08 2019,42.30769231399998
Tue Apr 16 12:28:16 2019,41.02564103199998
Tue Apr 16 12:29:29 2019,42.30769231399998
Tue Apr 16 12:30:33 2019,42.30769231399998
Tue Apr 16 12:31:36 2019,42.30769231399998
Tue Apr 16 12:32:40 2019,42.30769231399998
Tue Apr 16 12:33:43 2019,41.02564103199998
Tue Apr 16 12:34:47 2019,42.30769231399998
Tue Apr 16 12:35:50 2019,42.30769231399998
Tue Apr 16 12:36:53 2019,41.02564103199998
Tue Apr 16 12:37:57 2019,42.30769231399998
Tue Apr 16 12:39:00 2019,42.30769231399998
Tue Apr 16 12:40:04 2019,41.02564103199998
Tue Apr 16 12:41:07 2019,41.02564103199998
Tue Apr 16 12:42:11 2019,41.02564103199998
Tue Apr 16 12:43:14 2019,41.02564103199998
Tue Apr 16 12:44:18 2019,41.02564103199998
Tue Apr 16 12:45:21 2019,41.02564103199998
Tue Apr 16 12:46:24 2019,41.02564103199998
Tue Apr 16 12:47:28 2019,41.02564103199998
Tue Apr 16 12:48:31 2019,41.02564103199998
Tue Apr 16 12:49:35 2019,41.02564103199998
Tue Apr 16 12:50:38 2019,41.02564103199998
Tue Apr 16 12:51:42 2019,41.02564103199998
Tue Apr 16 12:52:45 2019,41.02564103199998
Tue Apr 16 12:53:49 2019,41.02564103199998
Tue Apr 16 12:54:52 2019,41.02564103199998
Tue Apr 16 12:55:55 2019,41.02564103199998
Tue Apr 16 12:56:59 2019,41.02564103199998
Tue Apr 16 12:58:02 2019,41.02564103199998
Tue Apr 16 12:59:06 2019,41.02564103199998
Tue Apr 16 13:00:09 2019,41.02564103199998
Tue Apr 16 13:01:13 2019,39.743589749999984
Tue Apr 16 13:02:17 2019,41.02564103199998
Tue Apr 16 13:03:21 2019,41.02564103199998
Tue Apr 16 13:04:25 2019,41.02564103199998
Tue Apr 16 13:05:28 2019,39.743589749999984
Tue Apr 16 13:06:32 2019,41.02564103199998
Tue Apr 16 13:07:35 2019,41.02564103199998
Tue Apr 16 13:08:39 2019,41.02564103199998
Tue Apr 16 13:09:42 2019,41.02564103199998
Tue Apr 16 13:10:45 2019,41.02564103199998
Tue Apr 16 13:11:49 2019,41.02564103199998
Tue Apr 16 13:12:52 2019,41.02564103199998
Tue Apr 16 13:13:56 2019,41.02564103199998
Tue Apr 16 13:14:59 2019,41.02564103199998
Tue Apr 16 13:16:03 2019,41.02564103199998
Tue Apr 16 13:17:06 2019,41.02564103199998
Tue Apr 16 13:18:10 2019,41.02564103199998
Tue Apr 16 13:19:13 2019,41.02564103199998
Tue Apr 16 13:20:16 2019,41.02564103199998
Tue Apr 16 13:21:20 2019,41.02564103199998
Tue Apr 16 13:22:23 2019,41.02564103199998
Tue Apr 16 13:23:27 2019,41.02564103199998
Tue Apr 16 13:24:30 2019,41.02564103199998
Tue Apr 16 13:25:34 2019,38.461538467999986
Tue Apr 16 13:26:37 2019,41.02564103199998
Tue Apr 16 13:27:41 2019,41.02564103199998
Tue Apr 16 13:28:45 2019,41.02564103199998
Tue Apr 16 13:29:54 2019,41.02564103199998
Tue Apr 16 13:31:07 2019,41.02564103199998
Tue Apr 16 13:32:11 2019,41.02564103199998
Tue Apr 16 13:33:17 2019,42.30769231399998
Tue Apr 16 13:34:20 2019,39.743589749999984
Tue Apr 16 13:35:24 2019,41.02564103199998
Tue Apr 16 13:36:28 2019,41.02564103199998
Tue Apr 16 13:37:31 2019,42.30769231399998
Tue Apr 16 13:38:34 2019,42.30769231399998
Tue Apr 16 13:39:38 2019,42.30769231399998
Tue Apr 16 13:40:41 2019,41.02564103199998
Tue Apr 16 13:41:45 2019,42.30769231399998
Tue Apr 16 13:42:48 2019,42.30769231399998
Tue Apr 16 13:43:52 2019,42.30769231399998
Tue Apr 16 13:44:55 2019,42.30769231399998
Tue Apr 16 13:45:59 2019,42.30769231399998
Tue Apr 16 13:47:02 2019,42.30769231399998
Tue Apr 16 13:48:06 2019,42.30769231399998
Tue Apr 16 13:49:09 2019,42.30769231399998
Tue Apr 16 13:50:12 2019,41.02564103199998
Tue Apr 16 13:51:16 2019,41.02564103199998
Tue Apr 16 13:52:19 2019,41.02564103199998
Tue Apr 16 13:53:23 2019,42.30769231399998
Tue Apr 16 13:54:26 2019,41.02564103199998
Tue Apr 16 13:55:30 2019,42.30769231399998
Tue Apr 16 13:56:33 2019,42.30769231399998
Tue Apr 16 13:57:37 2019,42.30769231399998
Tue Apr 16 13:58:40 2019,41.02564103199998
Tue Apr 16 13:59:43 2019,41.02564103199998
Tue Apr 16 14:00:48 2019,41.02564103199998
Tue Apr 16 14:01:51 2019,41.02564103199998
Tue Apr 16 14:02:55 2019,41.02564103199998
Tue Apr 16 14:03:58 2019,42.30769231399998
Tue Apr 16 14:05:01 2019,42.30769231399998
Tue Apr 16 14:06:05 2019,41.02564103199998
Tue Apr 16 14:07:08 2019,42.30769231399998
Tue Apr 16 14:08:12 2019,41.02564103199998
Tue Apr 16 14:09:15 2019,41.02564103199998
Tue Apr 16 14:10:19 2019,41.02564103199998
Tue Apr 16 14:11:22 2019,41.02564103199998
Tue Apr 16 14:12:26 2019,41.02564103199998
Tue Apr 16 14:13:29 2019,41.02564103199998
Tue Apr 16 14:14:32 2019,41.02564103199998
Tue Apr 16 14:15:36 2019,41.02564103199998
Tue Apr 16 14:16:39 2019,41.02564103199998
Tue Apr 16 14:17:43 2019,41.02564103199998
Tue Apr 16 14:18:46 2019,41.02564103199998
Tue Apr 16 14:19:50 2019,41.02564103199998
Tue Apr 16 14:20:53 2019,41.02564103199998
Tue Apr 16 14:21:57 2019,41.02564103199998
Tue Apr 16 14:23:00 2019,41.02564103199998
Tue Apr 16 14:24:04 2019,41.02564103199998
Tue Apr 16 14:25:07 2019,41.02564103199998
Tue Apr 16 14:26:11 2019,41.02564103199998
Tue Apr 16 14:27:14 2019,41.02564103199998
Tue Apr 16 14:28:18 2019,41.02564103199998
Tue Apr 16 14:29:21 2019,41.02564103199998
Tue Apr 16 14:30:25 2019,41.02564103199998
Tue Apr 16 14:31:28 2019,41.02564103199998
Tue Apr 16 14:32:32 2019,41.02564103199998
Tue Apr 16 14:33:35 2019,41.02564103199998
Tue Apr 16 14:34:39 2019,41.02564103199998
Tue Apr 16 14:35:42 2019,41.02564103199998
Tue Apr 16 14:36:46 2019,41.02564103199998
Tue Apr 16 14:37:49 2019,41.02564103199998
Tue Apr 16 14:38:52 2019,41.02564103199998
Tue Apr 16 14:39:56 2019,41.02564103199998
Tue Apr 16 14:40:59 2019,41.02564103199998
Tue Apr 16 14:42:03 2019,42.30769231399998
Tue Apr 16 14:43:06 2019,42.30769231399998
Tue Apr 16 14:44:10 2019,42.30769231399998
Tue Apr 16 14:45:13 2019,42.30769231399998
Tue Apr 16 14:46:17 2019,41.02564103199998
Tue Apr 16 14:47:20 2019,41.02564103199998
Tue Apr 16 14:48:23 2019,42.30769231399998
Tue Apr 16 14:49:27 2019,42.30769231399998
Tue Apr 16 14:50:30 2019,41.02564103199998
Tue Apr 16 14:51:34 2019,41.02564103199998
Tue Apr 16 14:52:37 2019,41.02564103199998
Tue Apr 16 14:53:41 2019,41.02564103199998
Tue Apr 16 14:54:44 2019,41.02564103199998
Tue Apr 16 14:55:47 2019,41.02564103199998
Tue Apr 16 14:56:52 2019,41.02564103199998
Tue Apr 16 14:57:55 2019,41.02564103199998
Tue Apr 16 14:58:58 2019,41.02564103199998
Tue Apr 16 15:00:02 2019,41.02564103199998
Tue Apr 16 15:01:05 2019,41.02564103199998
Tue Apr 16 15:02:09 2019,41.02564103199998
Tue Apr 16 15:03:12 2019,41.02564103199998
Tue Apr 16 15:04:16 2019,41.02564103199998
Tue Apr 16 15:05:19 2019,41.02564103199998
Tue Apr 16 15:06:23 2019,41.02564103199998
Tue Apr 16 15:07:26 2019,41.02564103199998
Tue Apr 16 15:08:29 2019,41.02564103199998
Tue Apr 16 15:09:33 2019,41.02564103199998
Tue Apr 16 15:10:36 2019,41.02564103199998
Tue Apr 16 15:11:40 2019,41.02564103199998
Tue Apr 16 15:12:43 2019,41.02564103199998
Tue Apr 16 15:13:47 2019,41.02564103199998
Tue Apr 16 15:14:50 2019,41.02564103199998
Tue Apr 16 15:15:54 2019,41.02564103199998
Tue Apr 16 15:16:57 2019,41.02564103199998
Tue Apr 16 15:18:01 2019,41.02564103199998
Tue Apr 16 15:19:04 2019,41.02564103199998
Tue Apr 16 15:20:07 2019,41.02564103199998
Tue Apr 16 15:21:11 2019,41.02564103199998
Tue Apr 16 15:22:14 2019,41.02564103199998
Tue Apr 16 15:23:18 2019,41.02564103199998
Tue Apr 16 15:24:21 2019,41.02564103199998
Tue Apr 16 15:25:25 2019,41.02564103199998
Tue Apr 16 15:26:28 2019,41.02564103199998
Tue Apr 16 15:27:32 2019,41.02564103199998
Tue Apr 16 15:28:35 2019,41.02564103199998
Tue Apr 16 15:29:38 2019,41.02564103199998
Tue Apr 16 15:30:42 2019,41.02564103199998
Tue Apr 16 15:31:45 2019,41.02564103199998
Tue Apr 16 15:32:49 2019,41.02564103199998
Tue Apr 16 15:33:52 2019,41.02564103199998
Tue Apr 16 15:34:56 2019,41.02564103199998
Tue Apr 16 15:35:59 2019,41.02564103199998
Tue Apr 16 15:37:03 2019,41.02564103199998
Tue Apr 16 15:38:06 2019,41.02564103199998
Tue Apr 16 15:39:09 2019,41.02564103199998
Tue Apr 16 15:40:13 2019,41.02564103199998
Tue Apr 16 15:41:16 2019,41.02564103199998
Tue Apr 16 15:42:20 2019,41.02564103199998
Tue Apr 16 15:43:23 2019,41.02564103199998
Tue Apr 16 15:44:27 2019,41.02564103199998
Tue Apr 16 15:45:30 2019,41.02564103199998
Tue Apr 16 15:46:34 2019,41.02564103199998
Tue Apr 16 15:47:37 2019,41.02564103199998
Tue Apr 16 15:48:40 2019,41.02564103199998
Tue Apr 16 15:49:44 2019,41.02564103199998
Tue Apr 16 15:50:47 2019,41.02564103199998
Tue Apr 16 15:51:51 2019,41.02564103199998
Tue Apr 16 15:52:54 2019,42.30769231399998
Tue Apr 16 15:53:58 2019,41.02564103199998
Tue Apr 16 15:55:01 2019,42.30769231399998
Tue Apr 16 15:56:05 2019,42.30769231399998
Tue Apr 16 15:57:08 2019,42.30769231399998
Tue Apr 16 15:58:11 2019,42.30769231399998
Tue Apr 16 15:59:15 2019,42.30769231399998
Tue Apr 16 16:00:19 2019,42.30769231399998
Tue Apr 16 16:01:23 2019,42.30769231399998
Tue Apr 16 16:02:26 2019,42.30769231399998
Tue Apr 16 16:03:30 2019,41.02564103199998
Tue Apr 16 16:04:33 2019,42.30769231399998
Tue Apr 16 16:05:36 2019,42.30769231399998
Tue Apr 16 16:06:40 2019,41.02564103199998
Tue Apr 16 16:07:43 2019,42.30769231399998
Tue Apr 16 16:08:47 2019,41.02564103199998
Tue Apr 16 16:09:50 2019,42.30769231399998
Tue Apr 16 16:10:54 2019,41.02564103199998
Tue Apr 16 16:11:57 2019,42.30769231399998
Tue Apr 16 16:13:01 2019,42.30769231399998
Tue Apr 16 16:14:04 2019,41.02564103199998
Tue Apr 16 16:15:08 2019,42.30769231399998
Tue Apr 16 16:16:11 2019,42.30769231399998
Tue Apr 16 16:17:15 2019,42.30769231399998
Tue Apr 16 16:18:18 2019,42.30769231399998
Tue Apr 16 16:19:22 2019,41.02564103199998
Tue Apr 16 16:20:25 2019,42.30769231399998
Tue Apr 16 16:21:29 2019,41.02564103199998
Tue Apr 16 16:22:32 2019,42.30769231399998
Tue Apr 16 16:23:36 2019,42.30769231399998
Tue Apr 16 16:24:39 2019,41.02564103199998
Tue Apr 16 16:25:43 2019,41.02564103199998
Tue Apr 16 16:26:46 2019,42.30769231399998
Tue Apr 16 16:27:50 2019,41.02564103199998
Tue Apr 16 16:28:55 2019,42.30769231399998
Tue Apr 16 16:29:59 2019,41.02564103199998
Tue Apr 16 16:31:06 2019,41.02564103199998
Tue Apr 16 16:32:17 2019,41.02564103199998
Tue Apr 16 16:33:36 2019,41.02564103199998
Tue Apr 16 16:34:59 2019,41.02564103199998
Tue Apr 16 16:36:14 2019,41.02564103199998
Tue Apr 16 16:37:31 2019,41.02564103199998
Tue Apr 16 16:38:46 2019,41.02564103199998
Tue Apr 16 16:39:53 2019,41.02564103199998
Tue Apr 16 16:41:01 2019,41.02564103199998
Tue Apr 16 16:42:09 2019,41.02564103199998
Tue Apr 16 16:43:15 2019,41.02564103199998
Tue Apr 16 16:44:22 2019,41.02564103199998
Tue Apr 16 16:45:31 2019,41.02564103199998
Tue Apr 16 16:47:01 2019,41.02564103199998
Tue Apr 16 16:48:25 2019,41.02564103199998
Tue Apr 16 16:49:51 2019,41.02564103199998
Tue Apr 16 16:51:14 2019,41.02564103199998
Tue Apr 16 16:52:34 2019,42.30769231399998
Tue Apr 16 16:53:57 2019,41.02564103199998
Tue Apr 16 16:55:18 2019,41.02564103199998
Tue Apr 16 16:56:41 2019,41.02564103199998
Tue Apr 16 16:58:04 2019,41.02564103199998
Tue Apr 16 17:12:18 2019,43.589743596000005
Tue Apr 16 17:13:21 2019,37.17948718599999
Tue Apr 16 17:14:25 2019,38.461538467999986
Tue Apr 16 17:15:29 2019,41.02564103199998
Tue Apr 16 17:16:33 2019,42.30769231399998
Tue Apr 16 17:17:37 2019,41.02564103199998
Tue Apr 16 17:18:41 2019,41.02564103199998
Tue Apr 16 17:19:47 2019,41.02564103199998
Tue Apr 16 17:20:55 2019,41.02564103199998
Tue Apr 16 17:22:01 2019,42.30769231399998
Tue Apr 16 17:23:05 2019,41.02564103199998
Tue Apr 16 17:24:10 2019,41.02564103199998
Tue Apr 16 17:25:19 2019,41.02564103199998
Tue Apr 16 17:26:26 2019,41.02564103199998
Tue Apr 16 17:27:34 2019,42.30769231399998
Tue Apr 16 17:28:45 2019,41.02564103199998
Tue Apr 16 17:29:54 2019,41.02564103199998
Tue Apr 16 17:31:11 2019,41.02564103199998
Tue Apr 16 17:32:27 2019,41.02564103199998
Tue Apr 16 17:33:50 2019,41.02564103199998
Tue Apr 16 17:35:08 2019,41.02564103199998
Tue Apr 16 17:36:22 2019,41.02564103199998
Tue Apr 16 17:37:34 2019,41.02564103199998
Tue Apr 16 17:38:40 2019,41.02564103199998
Tue Apr 16 17:39:47 2019,42.30769231399998
Tue Apr 16 17:40:56 2019,41.02564103199998
Tue Apr 16 17:42:05 2019,41.02564103199998
Tue Apr 16 17:43:14 2019,41.02564103199998
Tue Apr 16 17:44:22 2019,42.30769231399998
Tue Apr 16 17:45:31 2019,42.30769231399998
Wed Apr 17 10:33:04 2019,35.89743590399999
Wed Apr 17 10:33:13 2019,28.205128211999977
Wed Apr 17 10:34:16 2019,28.205128211999977
Wed Apr 17 10:35:19 2019,29.487179494000003
Wed Apr 17 10:36:23 2019,29.487179494000003
Wed Apr 17 10:37:26 2019,29.487179494000003
Wed Apr 17 10:38:30 2019,29.487179494000003
Wed Apr 17 10:39:34 2019,29.487179494000003
Wed Apr 17 10:40:37 2019,30.769230776
Wed Apr 17 10:41:41 2019,29.487179494000003
Wed Apr 17 10:42:44 2019,29.487179494000003
Wed Apr 17 10:43:47 2019,29.487179494000003
Wed Apr 17 10:44:51 2019,30.769230776
Wed Apr 17 10:45:54 2019,30.769230776
Wed Apr 17 10:46:58 2019,30.769230776
Wed Apr 17 10:48:01 2019,30.769230776
Wed Apr 17 10:49:05 2019,30.769230776
Wed Apr 17 10:50:08 2019,30.769230776
Wed Apr 17 10:51:11 2019,30.769230776
Wed Apr 17 10:52:15 2019,30.769230776
Wed Apr 17 10:53:18 2019,30.769230776
Wed Apr 17 10:54:22 2019,30.769230776
Wed Apr 17 10:55:25 2019,30.769230776
Wed Apr 17 10:56:29 2019,30.769230776
Wed Apr 17 10:57:32 2019,30.769230776
Wed Apr 17 10:58:36 2019,30.769230776
Wed Apr 17 10:59:39 2019,29.487179494000003
Wed Apr 17 11:07:24 2019,30.769230776
Wed Apr 17 11:08:28 2019,30.769230776
Wed Apr 17 11:09:31 2019,30.769230776
Wed Apr 17 11:10:35 2019,30.769230776
Wed Apr 17 11:11:39 2019,30.769230776
Wed Apr 17 11:12:42 2019,30.769230776
Wed Apr 17 11:13:46 2019,30.769230776
Wed Apr 17 11:14:49 2019,30.769230776
Wed Apr 17 11:15:53 2019,30.769230776
Wed Apr 17 11:16:56 2019,30.769230776
Wed Apr 17 11:17:59 2019,30.769230776
Wed Apr 17 11:19:03 2019,30.769230776
Wed Apr 17 11:20:06 2019,30.769230776
Wed Apr 17 11:21:10 2019,29.487179494000003
Wed Apr 17 11:22:13 2019,29.487179494000003
Wed Apr 17 11:23:17 2019,30.769230776
Wed Apr 17 11:24:20 2019,30.769230776
Wed Apr 17 11:25:23 2019,30.769230776
Wed Apr 17 11:26:27 2019,30.769230776
Wed Apr 17 11:27:30 2019,30.769230776
Wed Apr 17 11:28:34 2019,30.769230776
Wed Apr 17 11:29:37 2019,30.769230776
Wed Apr 17 11:30:41 2019,30.769230776
Wed Apr 17 11:31:44 2019,30.769230776
Wed Apr 17 11:32:48 2019,30.769230776
Wed Apr 17 11:33:51 2019,30.769230776
Wed Apr 17 11:34:55 2019,30.769230776
Wed Apr 17 11:35:58 2019,30.769230776
Wed Apr 17 11:37:01 2019,30.769230776
Wed Apr 17 11:38:05 2019,30.769230776
Wed Apr 17 11:39:08 2019,30.769230776
Wed Apr 17 11:40:12 2019,30.769230776
Wed Apr 17 11:41:15 2019,30.769230776
Wed Apr 17 11:42:19 2019,30.769230776
Wed Apr 17 11:43:22 2019,30.769230776
Wed Apr 17 11:44:26 2019,30.769230776
Wed Apr 17 11:45:29 2019,30.769230776
Wed Apr 17 11:46:33 2019,30.769230776
Wed Apr 17 11:47:36 2019,30.769230776
Wed Apr 17 11:48:40 2019,28.205128211999977
Wed Apr 17 11:49:43 2019,30.769230776
Wed Apr 17 11:50:47 2019,30.769230776
Wed Apr 17 11:51:50 2019,30.769230776
Wed Apr 17 11:52:53 2019,30.769230776
Wed Apr 17 11:53:57 2019,30.769230776
Wed Apr 17 11:55:00 2019,30.769230776
Wed Apr 17 11:56:04 2019,28.205128211999977
Wed Apr 17 11:57:07 2019,28.205128211999977
Wed Apr 17 11:58:11 2019,28.205128211999977
Wed Apr 17 11:59:14 2019,28.205128211999977
Wed Apr 17 12:00:18 2019,28.205128211999977
Wed Apr 17 12:01:21 2019,28.205128211999977
Wed Apr 17 12:02:24 2019,28.205128211999977
Wed Apr 17 12:03:28 2019,28.205128211999977
Wed Apr 17 12:04:31 2019,29.487179494000003
Wed Apr 17 12:05:35 2019,29.487179494000003
Wed Apr 17 12:06:38 2019,29.487179494000003
Wed Apr 17 12:07:42 2019,28.205128211999977
Wed Apr 17 12:08:45 2019,28.205128211999977
Wed Apr 17 12:09:49 2019,28.205128211999977
Wed Apr 17 12:10:52 2019,28.205128211999977
Wed Apr 17 12:11:55 2019,28.205128211999977
Wed Apr 17 12:12:59 2019,28.205128211999977
Wed Apr 17 12:14:02 2019,28.205128211999977
Wed Apr 17 12:15:06 2019,28.205128211999977
Wed Apr 17 12:16:09 2019,28.205128211999977
Wed Apr 17 12:17:13 2019,28.205128211999977
Wed Apr 17 12:18:16 2019,29.487179494000003
Wed Apr 17 12:19:20 2019,28.205128211999977
Wed Apr 17 12:20:23 2019,28.205128211999977
Wed Apr 17 12:21:27 2019,26.92307692999998
Wed Apr 17 12:22:30 2019,28.205128211999977
Wed Apr 17 12:23:33 2019,28.205128211999977
Wed Apr 17 12:24:37 2019,28.205128211999977
Wed Apr 17 12:25:40 2019,28.205128211999977
Wed Apr 17 12:26:44 2019,28.205128211999977
Wed Apr 17 12:27:47 2019,28.205128211999977
Wed Apr 17 12:28:51 2019,28.205128211999977
Wed Apr 17 12:29:54 2019,28.205128211999977
Wed Apr 17 12:30:58 2019,28.205128211999977
Wed Apr 17 12:32:01 2019,28.205128211999977
Wed Apr 17 12:33:04 2019,28.205128211999977
Wed Apr 17 12:34:08 2019,28.205128211999977
Wed Apr 17 12:35:11 2019,28.205128211999977
Wed Apr 17 12:36:15 2019,28.205128211999977
Wed Apr 17 12:37:18 2019,28.205128211999977
Wed Apr 17 12:38:22 2019,28.205128211999977
Wed Apr 17 12:39:25 2019,28.205128211999977
Wed Apr 17 12:40:29 2019,28.205128211999977
Wed Apr 17 12:41:32 2019,28.205128211999977
Wed Apr 17 12:42:35 2019,28.205128211999977
Wed Apr 17 12:43:39 2019,28.205128211999977
Wed Apr 17 12:44:42 2019,28.205128211999977
Wed Apr 17 12:45:46 2019,28.205128211999977
Wed Apr 17 12:46:49 2019,28.205128211999977
Wed Apr 17 12:47:53 2019,28.205128211999977
Wed Apr 17 12:48:56 2019,28.205128211999977
Wed Apr 17 12:49:59 2019,28.205128211999977
Wed Apr 17 12:51:03 2019,28.205128211999977
Wed Apr 17 12:52:06 2019,28.205128211999977
Wed Apr 17 12:53:10 2019,26.92307692999998
Wed Apr 17 12:54:13 2019,28.205128211999977
Wed Apr 17 12:55:17 2019,28.205128211999977
Wed Apr 17 12:56:20 2019,28.205128211999977
Wed Apr 17 12:57:24 2019,28.205128211999977
Wed Apr 17 12:58:27 2019,28.205128211999977
Wed Apr 17 12:59:30 2019,26.92307692999998
Wed Apr 17 13:00:34 2019,26.92307692999998
Wed Apr 17 13:01:37 2019,26.92307692999998
Wed Apr 17 13:02:41 2019,26.92307692999998
Wed Apr 17 13:03:45 2019,26.92307692999998
Wed Apr 17 13:04:49 2019,26.92307692999998
Wed Apr 17 13:05:52 2019,26.92307692999998
Wed Apr 17 13:06:56 2019,26.92307692999998
Wed Apr 17 13:07:59 2019,28.205128211999977
Wed Apr 17 13:09:02 2019,26.92307692999998
Wed Apr 17 13:10:06 2019,26.92307692999998
Wed Apr 17 13:11:09 2019,26.92307692999998
Wed Apr 17 13:12:13 2019,26.92307692999998
Wed Apr 17 13:13:16 2019,26.92307692999998
Wed Apr 17 13:14:20 2019,25.64102564799998
Wed Apr 17 13:15:23 2019,26.92307692999998
Wed Apr 17 13:16:27 2019,26.92307692999998
Wed Apr 17 13:17:30 2019,26.92307692999998
Wed Apr 17 13:18:34 2019,28.205128211999977
Wed Apr 17 13:19:37 2019,28.205128211999977
Wed Apr 17 13:20:40 2019,26.92307692999998
Wed Apr 17 13:21:44 2019,25.64102564799998
Wed Apr 17 13:22:47 2019,26.92307692999998
Wed Apr 17 13:23:51 2019,26.92307692999998
Wed Apr 17 13:24:54 2019,25.64102564799998
Wed Apr 17 13:25:58 2019,24.358974365999984
Wed Apr 17 13:27:01 2019,25.64102564799998
Wed Apr 17 13:28:05 2019,25.64102564799998
Wed Apr 17 13:29:08 2019,26.92307692999998
Wed Apr 17 13:30:12 2019,26.92307692999998
Wed Apr 17 13:31:15 2019,25.64102564799998
Wed Apr 17 13:32:19 2019,26.92307692999998
Wed Apr 17 13:33:22 2019,26.92307692999998
Wed Apr 17 13:34:25 2019,26.92307692999998
Wed Apr 17 13:35:29 2019,26.92307692999998
Wed Apr 17 13:36:32 2019,26.92307692999998
Wed Apr 17 13:37:36 2019,25.64102564799998
Wed Apr 17 13:38:39 2019,25.64102564799998
Wed Apr 17 13:39:43 2019,23.076923083999986
Sat Apr 20 23:56:36 2019,88.0
Sat Apr 20 23:57:37 2019,83.0
Sat Apr 20 23:58:38 2019,15.0
Sat Apr 20 23:59:40 2019,93.0
Sun Apr 21 00:00:41 2019,78.0
Sun Apr 21 00:01:42 2019,93.0
Sun Apr 21 00:02:43 2019,64.0
Sun Apr 21 00:02:45 2019,30.0
Sun Apr 21 00:03:47 2019,51.0
Sun Apr 21 00:04:48 2019,43.0
Sun Apr 21 00:05:49 2019,19.0
Sun Apr 21 00:06:50 2019,13.0
Sun Apr 21 00:07:51 2019,28.0
Sun Apr 21 00:08:52 2019,2.0
Sun Apr 21 00:09:54 2019,55.0
Sun Apr 21 00:10:55 2019,51.0
Sun Apr 21 00:11:56 2019,40.0
Sun Apr 21 00:12:57 2019,11.0
Sun Apr 21 00:13:58 2019,30.0
Sun Apr 21 00:14:59 2019,49.0
Sun Apr 21 00:16:00 2019,56.0
Sun Apr 21 00:17:02 2019,0.0
Sun Apr 21 00:18:03 2019,1.0
Sun Apr 21 00:19:04 2019,51.0
Sun Apr 21 00:20:05 2019,25.0
Sun Apr 21 00:21:06 2019,42.0
Sun Apr 21 00:22:07 2019,23.0
Sun Apr 21 00:23:09 2019,1.0
Sun Apr 21 00:24:10 2019,4.0
Sun Apr 21 00:25:11 2019,16.0
Sun Apr 21 00:26:12 2019,53.0
Sun Apr 21 00:27:13 2019,33.0
Sun Apr 21 00:28:14 2019,37.0
Sun Apr 21 00:29:16 2019,57.0
Sun Apr 21 00:30:17 2019,41.0
Sun Apr 21 00:31:18 2019,38.0
Sun Apr 21 00:32:19 2019,22.0
Sun Apr 21 00:33:21 2019,5.0
Sun Apr 21 00:34:23 2019,44.0
Sun Apr 21 00:35:24 2019,22.0
Sun Apr 21 00:36:26 2019,38.0
Sun Apr 21 00:37:27 2019,41.0
Sun Apr 21 00:38:28 2019,28.0
Sun Apr 21 00:39:29 2019,46.0
Sun Apr 21 00:40:30 2019,60.0
Sun Apr 21 00:41:32 2019,40.0
Sun Apr 21 00:42:33 2019,2.0
Sun Apr 21 00:43:34 2019,9.0
Sun Apr 21 00:44:35 2019,51.0
Sun Apr 21 00:45:36 2019,48.0
Sun Apr 21 00:46:37 2019,22.0
Sun Apr 21 00:47:39 2019,44.0
Sun Apr 21 00:48:40 2019,1.0
Sun Apr 21 00:49:41 2019,55.0
Sun Apr 21 00:50:42 2019,48.0
Sun Apr 21 00:51:43 2019,14.0
Sun Apr 21 00:52:45 2019,55.0
Sun Apr 21 00:53:46 2019,8.0
Sun Apr 21 00:54:47 2019,60.0
Sun Apr 21 00:55:48 2019,24.0
Sun Apr 21 00:56:49 2019,38.0
Sun Apr 21 00:57:50 2019,35.0
Sun Apr 21 00:58:52 2019,11.0
Sun Apr 21 00:59:53 2019,12.0
Sun Apr 21 01:00:54 2019,35.0
Sun Apr 21 01:01:55 2019,0.0
Sun Apr 21 01:02:56 2019,48.0
Sun Apr 21 01:03:57 2019,50.0
Sun Apr 21 01:04:59 2019,22.0
Sun Apr 21 01:06:00 2019,12.0
Sun Apr 21 01:07:01 2019,23.0
Sun Apr 21 01:08:02 2019,32.0
Sun Apr 21 01:09:03 2019,49.0
Sun Apr 21 01:10:04 2019,15.0
Sun Apr 21 01:11:06 2019,13.0
Sun Apr 21 01:12:07 2019,50.0
Sun Apr 21 01:13:08 2019,18.0
Sun Apr 21 01:25:18 2019,37.0
Sun Apr 21 01:40:54 2019,53.0
